Id,Label
1,대한상공회의소
2,도시정부
3,서울
4,서울디지털재단
5,서울시
6,어디나지원단
7,오늘
8,LG
9,연합뉴스
10,아시아투데이
11,인턴
12,베트남
13,중소벤처기업부
14,경기연구원
15,서울시의회
16,국토교통부
17,비씨디이엔씨
18,스마트시티
19,양주시
20,CES
21,인천경제자유구역청
22,인천경제청
23,대한상의서
24,GWIST
25,SOC
26,강원랜드
27,국민의힘
28,동서고속
29,춘천교도소
30,KT
31,수원 ITS
32,수원컨벤션센터
33,아태총회
34,㈜비씨디이엔씨
35,국토부
36,딜로이트
37,스마트시티 이니셔티브
38,신흥국
39,엔비디아
40,한국딜로이트그룹
41,양양
42,원주
43,정책총괄본부
44,평창
45,국제대
46,한국
47,유일
48,인천
49,ITS
50,MBTI
51,UA
52,경기도무용단
53,경기시나위오케스트라
54,경부선
55,광교호수공원
56,도시안전통합센터
57,수원
58,수원시
59,수원시립합창단
60,조직위원회
61,진우에이티에스
62,한국도로공사
63,ECC
64,KCA
65,Kp
66,KpqC 공모전
67,LG유플러스
68,NIA
69,NIST
70,TTA
71,국립표준기술연구소(NIST
72,정부
73,주엄개
74,한국방송통신전파진흥원(
75,한국인터넷진흥원(KISA)
76,한국정보통신기술협회
77,한국정보통신기술협회(TTA)
78,한국지능정보사회진흥원
79,한국지능정보사회진흥원(
80,CES 2026
81,Consumer Electronics Show
82,Expo
83,LVCC
84,대전
85,대전시의회
86,민주당
87,송도
88,의회
89,아주대학교
90,광명
91,교육지원청
92,도시개발
93,삼성
94,광주
95,현대
96,평택
97,화성
98,수원시수원
99,TSMC
100,국가과학기술위원회
101,대만
102,폭스콘
103,소프트뱅크
104,테슬라
105,SK그룹
106,SK하이닉스
107,젠슨
108,젠슨 황
109,HBM4
110,미디어텍
111,하이닉스
112,YTN
113,수원특례시
114,미래산업
115,SoC
116,정보통신
117,애플
118,에이수스
119,기아
120,현대차
121,현대차·
122,현대차·기아
123,NATO
124,러시아
125,북대서양조약기구
126,우크라이나
127,행정부
128,동부
129,디와이디
130,삼부토건
131,강릉
132,강릉시
133,교통부
134,드론쇼
135,삼성디스플레이
136,딥엑스
137,LG유플
138,소트랩
139,LGU+
140,한국정보통신기술협회(
141,KISA
142,한국방송통신전파진흥원
143,Wi
144,app
145,fina
146,un
147,wi
148,NI
149,cha
150,cu
151,dri
152,eac
153,the
154,fed
155,강원도
156,CTA
157,IFEZ 홍보관
158,미국소비자기술협회
159,국립표준기술연구소
160,표준기술연구소
161,네옴시
162,네옴시티
163,사우디
164,삼성물산
165,해외건설협회
166,중동 지역
167,현대건설
168,시공사
169,IMD
170,국제경영개발원
171,한창
172,SCMP
173,중국
174,화웨이
175,구글
176,명문대
177,충남도
178,노벨상
179,셀트리온
180,제주도
181,SMR
182,SSNC
183,한수원
184,국회
185,대한민국
186,세울
187,IGC
188,IGC운영재단
189,겐트대 글로벌캠퍼스
190,마린유겐트연구소
191,유타대 아시아캠퍼스
192,한국뉴욕주립대
193,한국스탠포드센터
194,아세테크
195,유니콘팩토리
196,트위니
197,MOU
198,인프라부
199,한국건설기술연구원
200,한동대학교
201,한국건설기술연구원(KICT)
202,부산
203,부산창조경제혁신센터
204,APEC
205,ITF
206,OECD
207,경제협력개발기구
208,국제교통포럼
209,아시아태평양경제협력체
210,지역개발정책위원회
211,정책위원회
212,유상증자
213,이에이트
214,픽스포디
215,NFL
216,PIX4D
217,타깃
218,리서치
219,부산광역시
220,부산창경
221,경찰청
222,기초지자체
223,영국
224,경제일자리국
225,기획경제국
226,기획소통국
227,의정부시
228,건설부
229,삼정KPMG
230,자원
231,중앙아시아
232,한국경제신문
233,현대그룹
234,의장
235,케이패스
236,웨스틴
237,조선호텔
238,회의서
239,IoT
240,이노비즈
241,조달청
242,교원
243,진로
244,세종교육청
245,세종시교육청
246,진로교육원
247,K-패스
248,미국
249,백악관
250,석유화학
251,이스라엘
252,이란
253,하마스
254,헤즈볼라
255,장관회
256,폴란드
257,홍주초등학교
258,국토교통
259,기금지역정책부
260,삼성전자
261,인천시
262,삼성바이오로직스
263,판교
264,2030
265,경민대
266,경민대학교
267,부장교사
268,의정부공고
269,김포시
270,단국대
271,대학원
272,스마트로
273,경제자유구역
274,울산
275,유럽
276,한국대사관
277,IFEZ
278,대표단
279,인천국제공항공사
280,인민위원회
281,인천공항
282,인천광역시청
283,자유무역지대
284,제공
285,시의회
286,USTR
287,네이버
288,미국무역대표부
289,티맵모빌리티
290,경북대
291,대구시
292,첨단정보통신융합산업기술원
293,티센터
294,한국데이터산업진흥원
295,NASA
296,국가기술표준원
297,산업통상자원부
298,머니투데이
299,스마트팜
300,HVAC
301,LG전자
302,대한무역투자진흥공사
303,LIG넥스원
304,방산
305,GM
306,현대자동차
307,단국대학교
308,대학
309,김포시청
310,의정부공업고등학교
311,의정부교육지원청
312,말레이시아
313,인도
314,인도네시아
315,신흥
316,평가위
317,GCC
318,HMM
319,HMMME
320,걸프협력회의
321,디리야
322,미스크
323,일본
324,토요타
325,현대차그룹
326,광역자치단체
327,누리집
328,경북대학교
329,대구
330,미래혁신성장실장
331,수성알파시티 스마트시티센터
332,사우디아라비아
333,광주대
334,광주대학교
335,atbo
336,간부회
337,고양시
338,농림축산식품부
339,도시산업
340,ETRI
341,한국전자통신연구원
342,과학기술정보통신부
343,UAM
344,도심항공교통
345,슈퍼널
346,UNIST
347,울산시
348,울주군
349,과기정통부
350,스마트시티센터
351,교통안전
352,명선초
353,명선초등학교
354,포스코고
355,MS
356,Un
357,ata Industry Promotion Agency
358,expo
359,fie
360,대구광역시
361,ESG센터
362,㈜엔엠에프
363,㈜합동전기
364,대전사회혁신센터
365,스마트시티건축공학
366,충남대
367,KAIST
368,대덕특구
369,출연연
370,한국항공우주연구원
371,교육부
372,사립대
373,산학협력
374,세종
375,세종시
376,수성
377,충남대학교
378,한밭대
379,혁신도시
380,상임위
381,한양
382,개혁신당
383,더불어민주당
384,복지부
385,건강보험심사평가원
386,국민건강보험공단
387,공동
388,수도권
389,세종특별자치시
390,지방분권
391,천안
392,초중등
393,충남
394,국회의사당
395,금강
396,대전시
397,세종의사당
398,여성가족부
399,중도일보
400,충북
401,충청
402,충청권
403,대덕연구개발특구
404,대전상공회의소
405,대전세종연구원
406,팬데믹
407,대한석탄공사
408,한국광해광업공단
409,참여정부
410,도로교통공단
411,충북대
412,배재대
413,보령
414,청주
415,한국전력공사
416,한국과학기술기획평가원
417,한국관광공사
418,인천경제자유구역청인천경제자유구역청
419,IITP
420,KADIF
421,산학협력단
422,정보통신기획평가원
423,융복합대학
424,신정중학교
425,수성알파시티
426,Cha
427,Cu
428,shi
429,NIPA
430,연세대
431,정보통신산업진흥원
432,행정안전부
433,IT서비스학회
434,정보대학원
435,춘계학술대회
436,한국로봇산업진흥원
437,포스코DX
438,한국IT서비스학회장
439,한화로보틱스
440,현대자동차그룹
441,한국지능정보사회진흥원(NIA)
442,LG그룹
443,메타
444,IBM
445,마이크로소프트
446,디즈니
447,산림청
448,새만금개발청
449,행정중심복합도시건설청
450,메타버스
451,ABB
452,대구시청
453,LG CNS
454,한양대학교
455,세라젬
456,국토지리정보원
457,네이버랩스
458,유튜브
459,EXPO
460,라온피플
461,하이펜
462,회의록
463,라온로드
464,국가정보원
465,공간정보협의체
466,민간위
467,기술정보통신부
468,구청
469,산업별
470,용산구청
471,인천광역시
472,재무장관회의
473,O2O
474,한국전자기술연구원
475,엑스포
476,HMGMA
477,폭스바겐
478,토요타그룹
479,현대오토에버
480,포스코고등학교
481,국토지리정보원장
482,산업공학과
483,카카오
484,VOA건축사사무소
485,SCEWC
486,성남시
487,성남시장
488,성남시청
489,피라
490,Soc
491,fig
492,sig
493,soc
494,too
495,사회혁신센터
496,고위관리회의
497,Adm
498,Aff
499,Awa
500,Google
501,Google 번역
502,adm
503,bri
504,deta
505,fai
506,iss
507,nea
508,obs
509,spl
510,who
511,Euro
512,Japan
513,Kis
514,awa
515,hug
516,sat
517,목포
518,프랑스
519,Tokyo
520,동경대
521,imm
522,mec
523,고려대학교
524,경기대
525,스페인
526,소고기
527,이대
528,국회도서관
529,세종특별자치시장
530,대전컨벤션센터
531,수자원
532,수자원공사
533,한국수자원공사
534,세종시장
535,전략사
536,행안부
537,Shi
538,두바이
539,아부다비
540,트위터
541,A2G
542,G42
543,싱가포르
544,오토노머스에이투지
545,육상교통청
546,M1UCS
547,모빌리티원
548,두산에너빌리티
549,A2D
550,킬사글로벌
551,가천대
552,과학기술정보방송통신위원회
553,구글코리아
554,무역대표부
555,경희대
556,지리학과
557,메가시티
558,새만금
559,새만금개발청장
560,새만금청
561,ICT연구센터
562,ITRC
563,고려대
564,과기부
565,유공
566,한국연구재단
567,SBS
568,가천대학교
569,공항철도
570,한국공간정보산업협
571,에스오에스랩
572,이엠에스
573,중소벤처기업진흥공단
574,청년창업사관학교
575,성균관대
576,스타트업얼라이언스
577,카이스트
578,한국과학기술정보연구원(KISTI)
579,개인정보 보호법
580,바이두
581,스타트업
582,한국과학기술정보연구원(KISTI
583,한국과학기술정보연구원
584,K-국
585,대상
586,대학(
587,연세대학교
588,DCC
589,KISTI
590,국가철도공단
591,한국가스기술공사
592,한국서부발전
593,한국중부발전
594,한국철도공사
595,국토연구원
596,양해
597,의정부
598,과학기술보안연구센터
599,보안관제
600,우주항공
601,우주항공 사이버안전센터
602,건양대
603,경제정의실천시민연합
604,국방부
605,디지털트윈
606,서울대
607,소상공인연합회
608,외교부
609,정치외교학부
610,통일부
611,경실련
612,경영학과
613,한국정보보호학회
614,(LiDAR)
615,GS
616,교차로
617,샌드박스
618,ISP
619,넷플릭스
620,미 정부
621,남북
622,서울여대
623,지능정보보호학부
624,KPI
625,농림부
626,진흥원
627,충남정보문화산업진흥원
628,Arm
629,충전소
630,CNS(LG씨엔에스
631,IPO
632,대국
633,교통국
634,몽골
635,경제부
636,기재부
637,기획재정부
638,도쿄
639,동남아국가연합
640,한국은행
641,한일
642,GX룸
643,골프연습장
644,농심
645,르노코리아
646,부산시
647,삼성전기
648,서낙동강
649,수변공원
650,스타필드시티
651,에코델타시티
652,중흥
653,피트니스클럽
654,코레일
655,김천시
656,보건복지부
657,환경부
658,CJ올리브네트웍스
659,SK C&C
660,삼성SDS
661,ISMP
662,경제개발공사
663,뉴욕
664,에듀테크
665,금융위원회
666,국정원
667,산업부
668,동서문제연구원
669,한국공간정보산업협회
670,APEKSI
671,KOTRA
672,부산항만공사
673,상담회
674,수라바야무역관장
675,지자체협회
676,코트라
677,한국관
678,K-스마트시티
679,국립공주대
680,국립공주대학교
681,시범단
682,국토교통위원회
683,알파벳
684,중국 정부
685,지주
686,AIC
687,SPC
688,부산정보산업진흥원
689,사이버위협
690,LS
691,LS그룹
692,LS일렉트릭
693,LS전선
694,사무소
695,네브시스
696,중기부
697,MIT
698,홍익대
699,홍익대학교
700,기아자동차
701,사회부
702,한국과학기술정보연구원(
703,AMD
704,모빌린트
705,App
706,HP
707,딥시크
708,레노버
709,케이투스
710,HPC
711,한국자동차연구원
712,에너자이
713,코난테크놀로지
714,폴라리스오피스
715,버넥트
716,인이지
717,디노티시아
718,이스트소프트
719,슈퍼브에이아이
720,올거나이즈
721,코오롱베니트
722,와이즈스톤
723,STC
724,LH
725,강서경찰서
726,에코델타시티역
727,중흥건설그룹
728,중흥토건
729,아이
730,아이 바다패스
731,이어드림
732,Bri
733,그린스마트
734,부산에코델타시티
735,실무협의회
736,시청
737,명지새동네~국회도서관
738,원도심
739,뉴사우스웨일즈대학교
740,도심항
741,대한산악연맹
742,블랙야크
743,숙명여자대학교
744,팅크웨어
745,한국산악회
746,공공택지지구
747,목동 학원가
748,범어동
749,부동산R114
750,도심항공
751,한국수자원공사(K-water
752,전남대
753,가덕도신공항
754,작은도서관
755,중흥S
756,사업단장
757,국립한밭대
758,명지IC
759,공주대
760,구미시
761,구미시장
762,구미지원센터
763,굿네이버스
764,CES 2025
765,iM뱅크
766,경제부시장
767,신용보증기금
768,엑스코
769,유엔디
770,플러그앤플레이
771,UN
772,㈜릴리커버
773,㈜한국알파시스템
774,신보
775,GTE
776,GTEL
777,공안부
778,동구
779,IBEN
780,릴리커버
781,비바이노베이션
782,에이트테크
783,큐빅케이
784,티엠이브이넷
785,한국알파시스템
786,E.N.SOFT
787,FIX
788,UMN
789,국제스마트기술협력센터
790,신라대
791,신라대학교
792,HMG
793,충남문진원
794,태안
795,태안군
796,ESG
797,국제학교
798,동남아시아
799,태국
800,롯데호텔
801,총리실
802,공주대학교
803,피트니
804,KTL
805,JA
806,글로컬대학
807,호남대
808,호남대학교
809,남구
810,대방건설
811,대우건설
812,리얼투데이
813,용인시
814,한국부동산원
815,광주보건대
816,광주여대
817,대구보건대·
818,대전보건대
819,동신대
820,목포과학대
821,목포대
822,순천대
823,조선간호대
824,조선대
825,조선이공대
826,키오스크
827,금샘종합건설
828,핀텔
829,한서대학교
830,현대도시개발
831,간성읍
832,건설교통국장
833,고성군
834,홍천군
835,BIM
836,건설공사
837,심층평가위원
838,스마
839,스마트건설
840,스마트
841,목포해양대
842,송원대
843,한국해양대
844,경기
845,전북
846,뉴시스
847,대한체육회
848,전북특별자치도
849,CCIA
850,예산결산특별위원회
851,IMF
852,국제통화기금
853,유럽연합
854,항만
855,경제
856,나토
857,노바티스
858,독일
859,동유럽
860,서구
861,슬로바키아
862,웨스팅하우스
863,포스코
864,한국토지주택공사(LH)
865,GS건설
866,한국건설산업연구원
867,한화
868,현대엔지니어링
869,한국정부
870,KB금융
871,농협은행
872,신한은행
873,신한카드
874,테크놀로지스
875,유가증권
876,고려사
877,알스퀘어
878,EU
879,HD현대건설기계
880,HD현대인프라코어
881,WB
882,세계은행
883,쌍용건설
884,우크라이나 전쟁
885,하나증권
886,HD현대
887,HD현대그룹
888,국제공항공사
889,JP모건
890,미래에셋증권
891,덴마크
892,지멘스
893,투자은행
894,베스타스
895,종합건설
896,키움증권
897,유현준건축사사무소
898,경기일보
899,고양특례시
900,강원특별자치도
901,서울시청
902,온라인뉴스
903,119안전센터
904,강원자치도
905,파이낸셜뉴스
906,강원지역
907,강원특별자치도청
908,경영대
909,게스
910,스카이라운지
911,롯데마트
912,조선대학교
913,국방위
914,도시공사
915,의정부도시공사
916,미래전략
917,행복청
918,소공연
919,행복청장
920,다함께
921,에듀리버
922,제천
923,충주
924,현대모비스
925,㈜신세계화성
926,파라마운트
927,화성특례시
928,GH
929,화성시
930,한국전력
931,한국토지주택공사
932,애나
933,엠젠솔루션
934,대사관
935,주한
936,디캠프
937,은행권청년창업재단
938,국립군산대
939,국립군산대학교
940,군산대
941,스마트오션모빌리공학과
942,첨단학
943,대학일자리플러스센터
944,총정
945,AFC
946,경기도
947,한경닷컴
948,K-건설
949,중동
950,불공정
951,대우
952,호주
953,한국건설기술인협회
954,CBS노컷뉴스
955,금융감독원
956,검찰
957,대검찰청
958,블랙펄인베스트먼트
959,스마트이앤씨
960,에스지에스한국
961,테크밸리산단
962,SK
963,롯데그룹
964,롯데케미칼
965,사절단
966,에틸렌
967,한경협
968,한국경제인협회
969,한국무역협회
970,관세에
971,통상교섭본부
972,신세계그룹
973,aff
974,세종시청
975,국제테마파크
976,신세계화성
977,통신부
978,구세주
979,팀코리아
980,정부서울청사
981,양가희
982,도시
983,도심
984,ARM
985,수퍼게이트
986,에이직랜드
987,Daewoo
988,Fina
989,unc
990,IB
991,다함께돌봄센터
992,KB금융그룹
993,NH농협은행
994,W&B
995,넥슨
996,대한항공
997,미래에셋생명
998,베어로보틱스
999,전환
1000,코히어
1001,오산시
1002,HD현대중공업
1003,HJ중공업
1004,K-건
1005,SK에코플랜트
1006,도화엔지니어링
1007,동부건설
1008,동아지질
1009,삼성 E&A
1010,이앤씨
1011,한신공영
1012,해건협
1013,국민신문고
1014,(주)도슨티
1015,(주)쉴드테크
1016,(주)아치서울
1017,동반성장위원회
1018,아치서울
1019,창업진흥원
1020,호반
1021,호반건설
1022,호반그룹
1023,DL이앤씨
1024,대교
1025,동아건설산업
1026,엘티삼보
1027,할리파
1028,경제자유구역위원회
1029,경제자유구역청
1030,서산
1031,중앙도시계획위원회
1032,화성국제테마파크
1033,EXAONE
1034,GCP
1035,S-OIL
1036,신한투자증권
1037,㈜신세계
1038,국회의원단
1039,일본 자민당
1040,정보통신전략조사회
1041,주오사카대한민국총영사
1042,중의원
1043,지방창생특별위원회
1044,한·일 국교
1045,㈜도슨티
1046,㈜아치서울
1047,에이전틱A
1048,니즈
1049,하남시
1050,서울경제진흥원
1051,(주)신세계화성
1052,KINTEX
1053,우호협력
1054,Fed
1055,Hyundai
1056,모터스튜디오
1057,미주한인회
1058,미주한인회총연합회
1059,스마트시티 디지털
1060,에쓰오일
1061,shop
1062,Hwaseong
1063,하남시장
1064,도슨티
1065,한일국교
1066,클라우드
1067,실리콘밸리
1068,제테마파크
1069,화성시청
1070,엄궁대교
1071,클라우
1072,AKTI
1073,건설기계협회
1074,르타
1075,상공회의소
1076,서부자카
1077,LG씨엔에스
1078,LG에너지솔루션
1079,티머니
1080,국토발전전시관
1081,건설산업연구원
1082,삼성E&A
1083,국토
1084,E&A
1085,EBRD
1086,LLC
1087,대표
1088,유럽부흥개발은행
1089,유럽투자지주유한회사
1090,피에티캐이넨
1091,핀란드
1092,핀베라
1093,호로독 지역
1094,지역아동센터
1095,ni
1096,창원산업진흥원
1097,Ni
1098,Sig
1099,거창군
1100,경남도
1101,군의회
1102,도시바
1103,동서
1104,가오슝시
1105,모회사
1106,휴맥스
1107,한전
1108,휴맥스모빌리티
1109,KB금융지주
1110,롯데
1111,롯데몰
1112,롯데백화점
1113,롯데쇼핑
1114,롯데웰푸드
1115,하노이
1116,RISE
1117,대학교육
1118,스마트시
1119,스마트시티건
1120,풀스택
1121,김천리 자연재해위험
1122,의료
1123,NEC
1124,도요타
1125,중앙대
1126,기술연구소
1127,국군
1128,외교대표단
1129,도제학교
1130,제주대학교
1131,K-water
1132,GDC
1133,교통정보센터
1134,서울로봇인공지능과학관
1135,순천시
1136,순천시의회
1137,KT&G
1138,첨단
1139,메가트렌드
1140,광주과학기술원(GIST)
1141,KIND
1142,나카스
1143,한국해외인프라도시개발지원공사
1144,국제금융센터
1145,키플
1146,광명시
1147,광명시장
1148,과학아카데미
1149,에너지문제연구소
1150,우즈베키스탄
1151,한국광기술원
1152,충북과기원
1153,충북과학기술혁신원
1154,산자부
1155,인천경제청인천경제자유구역청
1156,미래에너지
1157,문화교류
1158,ACCSQ
1159,KCL
1160,사무
1161,스마트도시협회
1162,한국건설생활환경시험연구원
1163,아세안
1164,한·아세안
1165,국제도시
1166,세종시문화관광재단
1167,한국문화원
1168,한국교육원
1169,강남구
1170,강남구청장
1171,GITEX
1172,노타
1173,더샵
1174,포스코이앤씨
1175,롯데건설
1176,부동산인포
1177,하이엔
1178,도로교통국
1179,스톤브릿지벤처스
1180,LSNG C
1181,시민공청회
1182,이니셔티브
1183,ASEAN
1184,아세안표준품질자문위원회
1185,한-
1186,강남
1187,넷코리아
1188,샤플앤컴퍼니
1189,이든티엔에스
1190,스틱벤처스
1191,한-ASEAN
1192,당진시
1193,행정안전위원회
1194,ICLEI
1195,기후총회
1196,당사국총회
1197,세계지방정부협의회
1198,이클레이
1199,케랄라주
1200,세계
1201,이마트
1202,아주대
1203,경남대
1204,동의대
1205,호서대
1206,인하대
1207,경기고양특례시
1208,국제사회
1209,인천경제자유구역
1210,그린에너지
1211,세계본부
1212,코치시
1213,NVIDIA
1214,에티버스
1215,가즈노리
1216,고베
1217,고베 예술단
1218,고베경제동우회
1219,고베상공회의소
1220,고베시
1221,국보
1222,대구상공회의소
1223,대구시의회
1224,스마트광통신센터
1225,예술단
1226,한일교류음악회
1227,K-바이오랩허브
1228,내무부
1229,울산창조경제혁신센터
1230,창조경제혁신센터
1231,KHP
1232,KOICA
1233,청주대
1234,충북국제개발협력센터
1235,한국국제협력단
1236,Eu
1237,KRW
1238,산학협력단장
1239,광기술원
1240,치르치크시
1241,ESG지역혁신연구소
1242,동아대
1243,동아대학교
1244,건설교통위
1245,의회사무처
1246,인천시의회
1247,청두시
1248,청두시장
1249,GSO
1250,성균관대학교
1251,융합보안대학원
1252,밴티크
1253,공사
1254,한국에너지공단
1255,한양대
1256,VC
1257,멘토링
1258,충남창경센터
1259,충남창조경제혁신센터
1260,청두
1261,㈜배터플라이
1262,일원
1263,클린에너지
1264,부산시청
1265,콘래드호텔
1266,인하대학교
1267,사회과학
1268,㈜포드림
1269,㈜웨이버스
1270,안양대
1271,안양대학교
1272,국제교류원
1273,노동부
1274,한국정보화진흥원
1275,향상대책위원회
1276,솔트룩스
1277,도시개발공사
1278,도시개발부
1279,세종테크노파크
1280,스플리트시
1281,에르체그
1282,유럽재건개발은행
1283,크로아티아
1284,테크노파크
1285,간담회
1286,스마트시티공학과
1287,북한
1288,KT클라우드
1289,리벨리온
1290,아마존
1291,의원연맹
1292,인천상공회의소
1293,인천시립교향악단
1294,문화재단
1295,미네르바대
1296,산학협력포럼
1297,서울평화상
1298,스탠퍼드대
1299,외교통상부
1300,이사회
1301,태재대
1302,태재대학교
1303,한국고등교육재단
1304,한국정책학회
1305,현대일본학회
1306,그랜드뷰리서치
1307,업스테이지
1308,베트남국립미술관
1309,문화체육관광부
1310,매일경제
1311,list
1312,인천시청
1313,서울아리수본부
1314,의회도서관
1315,건설산업비전포럼
1316,국토개발
1317,남북한
1318,대한건축학회
1319,문화연구소
1320,부산외국어대학교
1321,연방정부
1322,청와대
1323,한미글로벌
1324,한반도
1325,세일즈포스
1326,천안시
1327,공무원
1328,알카닥 도시건설
1329,이비엔뉴스센터
1330,진현환
1331,투르크메니스탄
1332,DINNO
1333,KARI
1334,한국소프트웨어산업협회
1335,한국인터넷진흥원(
1336,한국소프트웨어산업협회(KOSA)
1337,ADD
1338,국방과학연구소
1339,공정거래위원회
1340,금융위
1341,비대위
1342,운영위원회
1343,홈플러스
1344,배달의민족
1345,비상대책위원회
1346,크래프톤
1347,질병관리청
1348,한솔테크닉스
1349,천안캠퍼스
1350,BS그룹
1351,사립학교
1352,산이정원
1353,솔라시도
1354,태양
1355,전남도
1356,구성지구
1357,국제자동차
1358,전남개발공사
1359,파크골프장
1360,교토
1361,부지사
1362,한일지사회의
1363,전기차
1364,알카닥
1365,뉴욕시
1366,조지아주
1367,사무소장
1368,한국공학한림원
1369,대통령
1370,간월호
1371,메카로
1372,브라운필드
1373,충북혁신도시
1374,국토해양부
1375,경찰서
1376,K-
1377,페이스북
1378,단양8경
1379,대덕연구특구
1380,음성
1381,지방시
1382,충북도당
1383,개발공사
1384,아미
1385,K-바이오스퀘어
1386,서산~
1387,서산~천안~청주~
1388,KOSA
1389,한국인터넷진흥원
1390,교토부
1391,송도국제도시
1392,연수구
1393,국방장관
1394,ASPAC
1395,UCLG
1396,세계지방정부연합
1397,엠 아니르쿠마르
1398,국힘
1399,정상회
1400,팔란티어
1401,SK텔레콤
1402,마이크로소프트(MS)
1403,한국표준과학연구원
1404,FIFA
1405,산업연구원
1406,아랍에미리트연합
1407,러시아군
1408,부산도시공사
1409,BCI
1410,심우주
1411,바이오에너지
1412,원천
1413,동원
1414,계산
1415,공산당
1416,기초연
1417,우주
1418,신기원
1419,신흥산업
1420,우리로
1421,지평
1422,ing
1423,메타빌드
1424,오산시장
1425,용인특례시
1426,ISO
1427,TOPIS
1428,자치행정주택부
1429,네이버(NA
1430,쏘카
1431,법학과
1432,세종대
1433,K-컬처
1434,구글어스
1435,대통령 관저
1436,국세청
1437,우방
1438,의대
1439,장성광업소
1440,태백시
1441,선전시
1442,입법조사처
1443,분당
1444,LG화학
1445,NH투자증권
1446,SK에너지
1447,한국동서발전
1448,스타트업파크
1449,인천스타트업파크
1450,스마트시티 통합운영센터
1451,바라카 원전
1452,IJM
1453,PWCC
1454,동남아시아국가연합
1455,야쇼부미
1456,킨텍스
1457,페낭
1458,페낭주
1459,광주도시공사
1460,광주시
1461,마켓플레이스
1462,북구
1463,전석 ㈜그리다에너지
1464,한전KDN
1465,인사청문특별위원회
1466,안양교도소
1467,농수산물도매
1468,안양도시공사
1469,안양시의회
1470,항공우주국(NASA)
1471,간사이 엑스포
1472,마루베니
1473,먀쿠먀쿠
1474,상사
1475,생명연
1476,에어크래프트
1477,유메시마
1478,인공섬
1479,조직위
1480,K-뷰티
1481,용인시장
1482,과천
1483,과천시
1484,과천시의회
1485,과천시의회 2050 도시혁신
1486,도시혁신연구소
1487,광주광역시
1488,(주)한국동서발전
1489,SBS방송사
1490,경상남도교육청
1491,국가산업단지
1492,국민체육센터
1493,문화관광축제
1494,밀양
1495,밀양대페스타
1496,밀양대학교
1497,밀양시
1498,밀양시장
1499,밀양아리랑대축제
1500,삼양식품
1501,스포츠파크
1502,신세계
1503,야구부
1504,영남루
1505,요넥스코리아
1506,식스팹
1507,식스팹(Si
1508,도쿄대
1509,인천경제자유구역청장
1510,IIT
1511,MMRDA
1512,루르키
1513,인도공과대학교
1514,주정부
1515,더벨
1516,머니투데
1517,폴라리스세원
1518,폴라리스오피스그룹
1519,폴라리스우노
1520,경상북도경제진흥원
1521,디지털융합산업과
1522,포스텍
1523,포항
1524,포항공과대학교
1525,포항시
1526,포항시장
1527,한동대
1528,IOC
1529,다봄센터
1530,SKT
1531,뷰런테크놀로지
1532,스타벅스
1533,BS한양
1534,수자인
1535,더퍼스트
1536,서울대학교
1537,춘천시
1538,춘천시의회
1539,IGF
1540,Indian Institute of Te
1541,공대
1542,국립
1543,인도공과대학
1544,경북도경제진흥원
1545,BEXCO
1546,벡스코
1547,WSCE
1548,nec
1549,혁신위원회
1550,교육청
1551,밀양아리랑
1552,에너지산업
1553,문체부
1554,BCDA
1555,Innovation Committee
1556,POSTECH
1557,기지전환개발청
1558,포항공대
1559,양해각서
1560,양해각
1561,국립중앙과학관
1562,미래기술관
1563,제주대
1564,컴퓨터공학과
1565,시설관리공단
1566,청소년재단
1567,circ
1568,헌법재판소
1569,안양시
1570,만안구
1571,안양시청
1572,내일꿈제작소
1573,고양종합운동장
1574,뉴클락시티
1575,칼랄로
1576,필리핀
1577,민관
1578,한국국토정보공사(LX)
1579,롯데캐슬
1580,MICE
1581,선도연구센터
1582,전주시
1583,전주시청
1584,DMC
1585,건우아파트가로주택정비사업조합
1586,수주도
1587,신원
1588,신원종합개발㈜
1589,중·고교
1590,RIST
1591,철강관리공단
1592,포항상공회의소
1593,포항시의회
1594,Gaia
1595,인터엑스
1596,한국OSG
1597,Ivoflow사
1598,SAP
1599,경산경찰서장
1600,경산시
1601,경찰
1602,㈜비즈데이터
1603,㈜인터엑스
1604,한국OSG㈜
1605,K스마트시티
1606,LX공사
1607,LX한국국토정보공사
1608,우븐시티
1609,ABH
1610,국가AI위원회
1611,미래기술연구원
1612,AICA
1613,FPT디
1614,KMAC
1615,국가데이터센터
1616,국가정보자원관리원
1617,한국능률협회컨설팅
1618,한국능률협회컨설팅(대표이사
1619,LH세종본부
1620,LH세종본부장
1621,수주
1622,혁신개발청
1623,POSCO
1624,Forum
1625,신원아침
1626,경남지사
1627,도시정책국
1628,먹거리통합지원센터
1629,창원시
1630,창원시의원
1631,고잔역
1632,안산시
1633,중앙역
1634,초지역
1635,파리
1636,비트센싱
1637,스페이스
1638,BFC
1639,수출입은행
1640,파이낸스
1641,세종본부
1642,수주지
1643,수주지원
1644,수주지원단
1645,파이낸스센터
1646,밀라노
1647,콘캔
1648,국토교통부(
1649,한국해외인프라도시개발지원공사(KIND
1650,K-스마트
1651,삼안
1652,동명기술공단
1653,정부간
1654,법무부
1655,위원회
1656,국가주석
1657,상하이
1658,알리바바
1659,유니트리
1660,텐센트
1661,항저우
1662,샤오미
1663,경운대
1664,구미
1665,구미대
1666,금오공대
1667,삼성전자(주)
1668,삼성전자㈜
1669,광명시의회
1670,부천시
1671,부천시청
1672,EDC
1673,인텔리빅스
1674,LX공간정보연구원
1675,국토교통과학기술진흥원
1676,모라이
1677,서울시립대
1678,웨이버스
1679,스마트시티공학
1680,경기도의회
1681,안양
1682,HL클레무브
1683,KGM
1684,최대주주
1685,인천국제공항
1686,포티투닷
1687,DGIST
1688,LGO
1689,경북
1690,과학기술대
1691,대구경북과학기술원(DGIST
1692,뉴:
1693,뉴:빌리지
1694,주거복지
1695,부산상공회의소
1696,부산상의
1697,양주경찰서
1698,기술경영전문대학원
1699,대구경북과학기술원(DGIST)
1700,공과대
1701,GINI
1702,도시연합
1703,말라가대학교
1704,세계경제
1705,김포
1706,김포골드라인
1707,김포시청 지엔하임
1708,김포한강2공공주택지구
1709,유네스코
1710,지엔하
1711,그린바이오
1712,국제과학비즈니스벨트
1713,둔곡
1714,대전시장
1715,대전테크노파크
1716,말라가대
1717,세계경제과학도시연합
1718,프로말라
1719,한밭대학교
1720,상반기 기술경영전문대학
1721,글로
1722,공군
1723,카타르
1724,국방비
1725,미군
1726,육군
1727,이슬람
1728,카이스트(
1729,LX
1730,로레알
1731,중앙대학교
1732,군마현
1733,천안시장
1734,호서대학교
1735,GDIN
1736,조인트벤처
1737,동남아
1738,벤처
1739,아이디씨티
1740,고양시의회
1741,복지재단
1742,FPGA
1743,ADA
1744,APACHE
1745,넥스트칩
1746,CAST
1747,Hitac
1748,QYResearch
1749,Sol
1750,고양시청
1751,고양특례시의회
1752,원당
1753,시민복지재단
1754,노인회
1755,뉴에너지
1756,군청
1757,증평군
1758,증평군청소년문화의집
1759,휴먼시아 경로당
1760,임시회
1761,재정부
1762,안산
1763,철도부
1764,철도건설교통국
1765,#NAME?
1766,증평
1767,증평군청
1768,공립박물관
1769,대구테크노파크
1770,한국수력원자력
1771,서부발전
1772,중부발전
1773,캠코
1774,한국자산관리공사
1775,대구TP
1776,카카오모빌리티
1777,자민당
1778,고양시민복지재단
1779,부산시티호텔
1780,부산테크노파크
1781,부산항
1782,LG헬로비전
1783,리더스
1784,문경시장
1785,사이버진로교육원
1786,서산시장
1787,은평구청장
1788,인천시교육감
1789,태백시장
1790,해운대구청장
1791,헬로tv뉴스
1792,전남
1793,지역채널심의위원회
1794,기초자치단체
1795,서강대
1796,성남
1797,청년창업
1798,율동공원
1799,한국과학기술원(KAIST
1800,HTWO
1801,에이치투
1802,현대로템
1803,남양주
1804,남양주시
1805,남양주시장
1806,남양주시청
1807,국가재
1808,중앙투자심사
1809,인천관광공사
1810,상무부
1811,소프트파워
1812,이데일리
1813,집행
1814,보성그룹
1815,해남
1816,왜군
1817,울돌목
1818,진도
1819,Sat
1820,경남창조경제혁신센터
1821,경상남도
1822,KDI
1823,산업통상자원중소벤처기업위원회
1824,세종창조경제혁신센터
1825,시흥도시공사
1826,한국정보공학기술사회
1827,개인정보보호위원회
1828,경제사절단
1829,유센코 대통령 재단
1830,최고의회
1831,리빙랩 시민참여단
1832,뷰런
1833,은평구청
1834,부산대
1835,포스코홀딩스
1836,Next
1837,ua
1838,Solution Living
1839,리빙랩
1840,목포시
1841,성남시정연구원
1842,지오멕스소프트
1843,Deta
1844,accu
1845,고양연구원
1846,구성
1847,네이버 ▷라이엇게임즈
1848,통합혁신센터
1849,경주시
1850,경주시의회
1851,군부대
1852,소방
1853,계양구
1854,지적재조사위원회
1855,LNG
1856,칼리파
1857,아카데미
1858,쿠웨이트
1859,적극행정위원회
1860,용인특례시청
1861,pap
1862,hitc
1863,감사원
1864,의왕시
1865,용인
1866,보건복지위원회
1867,스마트시티과
1868,시·
1869,용인특례시장
1870,용인시청
1871,미래산업국장
1872,TRYOUT
1873,세종대학교
1874,인천대
1875,인천대학교
1876,챌린지랩
1877,청운대
1878,청운대학교
1879,도시재생위원회
1880,부동산학
1881,서울연구원
1882,영산대
1883,와이즈유
1884,주택산업연구원
1885,대학생심리지원단
1886,대학생진로멘토단
1887,양지유스센터
1888,유스터즈
1889,중원유스센터
1890,중원유스센터 청소년운영위원회
1891,청소년 자치기구
1892,청소년운영위원회
1893,유센코대통령 재단
1894,삼성넥스트
1895,국가스마트도시위원회
1896,국토교통과학진흥원
1897,규제샌드박스
1898,가오슝시장
1899,녹색에너지
1900,천치마이
1901,혁신단
1902,고양
1903,보상협의회
1904,세종도시교통공사
1905,고양총회
1906,영산대학교
1907,고양시고양시
1908,참여
1909,참여단
1910,건국대
1911,이화여대
1912,Chicony Electronics
1913,CityCOP
1914,ComP
1915,UMC
1916,남부과학단지관리국
1917,㈜LG
1918,OASC
1919,스마트시티 혁신
1920,스마트시티 혁신센터
1921,필립
1922,CNS(LG씨엔에스)
1923,캐나다
1924,아스펜
1925,건산연
1926,컴팩
1927,2025
1928,네덜란드
1929,KDN
1930,전력공사
1931,TERRA
1932,금호건설
1933,부산공장
1934,현대백화점
1935,강서구
1936,서부산
1937,SCMS
1938,아우토크립트
1939,보배
1940,스탠퍼드
1941,SCSE
1942,국가발전위원회
1943,국토교통부실거
1944,니어드스톤
1945,대방산업개발
1946,델타시티
1947,리버뷰
1948,리움
1949,제2에코델타시티
1950,카카오VX
1951,혁신벤처스타트업존
1952,기예르모
1953,안산시장
1954,CIS
1955,CISA
1956,CPPG
1957,SECON
1958,SECON &
1959,eGISEC
1960,사이버안보비서관
1961,선도지구
1962,고양시장
1963,DB손해보험
1964,그린테크
1965,인천테크노파크
1966,한국환경산업기술원
1967,혁신성장과장
1968,K-철
1969,K-AgeTech
1970,동의대학교
1971,동의의료원
1972,선도대학
1973,스마트재활복지기술연구소
1974,에이지
1975,항노화연구소
1976,G131
1977,도청
1978,지슨
1979,공공사업주택부
1980,누산타라
1981,인프라건설
1982,탄자니아
1983,안산시청
1984,경북도
1985,한국토지주택연구원
1986,국가건설산업정책위원회
1987,이집트
1988,UNESCO
1989,유엔
1990,드론밸리
1991,호반호텔앤리조트
1992,민생경제 점검 회의
1993,Dri
1994,로보원
1995,연구개발(R&D)연구소
1996,밀리어네리
1997,CISSP
1998,UNIDO
1999,대통령실 사이버안보비서관
2000,스타트업 공동 홍보관
2001,인포마 그룹
2002,한국투자진흥사무소
2003,C&P
2004,소방서
2005,iso
2006,서초구
2007,서초구청장
2008,TG
2009,국회 사무처
2010,법제처
2011,예산정책처
2012,인민법원전자
2013,전원영
2014,전원영 TG
2015,티지
2016,티지(TG)
2017,한컴·
2018,t
2019,싱크탱크
2020,국민연
2021,군사정부
2022,미래항공모빌리티
2023,온디바이스
2024,NHN
2025,SK Telecom
2026,다쏘시스템
2027,에스케이텔레콤
2028,에스케이플래닛
2029,엔에이치엔클라우드
2030,제주
2031,부산국제금융센터
2032,부산디지털혁신아카데미
2033,특위
2034,한화그룹
2035,나이스신용평가
2036,우리은행
2037,태영건설
2038,구미전자정보기술원
2039,DSR
2040,L12BL
2041,BIFC
2042,부산국제금융센터(
2043,동남권
2044,분과위원회
2045,세르비아
2046,HL만도
2047,IBK기업은행
2048,한국산업은행
2049,라이프자산운용
2050,삼천리인베스트먼트
2051,우리금융캐피탈
2052,NXP
2053,NXP반도체
2054,속초시
2055,속초시장
2056,김앤장법률사무소
2057,속초시청
2058,통계청
2059,블루투스
2060,엠브레인
2061,수원시청
2062,스포츠서울
2063,LG디스플레이
2064,시나르마스
2065,Living
2066,네비웍스
2067,메타아이즈
2068,해오름동맹
2069,국토교통위
2070,환경노동위
2071,노동조합
2072,K-ICT
2073,시교육청
2074,광주교통공사
2075,모바휠
2076,강원?동해시
2077,동해시
2078,동해시청
2079,혁신성장본부장
2080,경제개발부
2081,메트로
2082,멕시코
2083,쉐인바움
2084,부산시교육청
2085,손다
2086,K-IC
2087,국제교류실
2088,다보스포럼
2089,빈하이신구
2090,톈진시
2091,하계
2092,런던
2093,국제무역통상연구원장
2094,루비오
2095,미국 국무부
2096,BS소프트
2097,ETRI?GIST
2098,㈜BS소프트
2099,㈜동이기술
2100,㈜명신메디칼
2101,㈜세연이앤에스
2102,광주여자대학교
2103,디어디어
2104,명신메디칼
2105,미래산업총괄관
2106,복지관
2107,엔에이치네트웍스
2108,엔에이치네트웍스㈜
2109,이지훈
2110,한국국제협력단(KOICA
2111,Energy
2112,㈜그로비
2113,㈜달구
2114,㈜데이터플라이
2115,㈜이엠에스
2116,㈜인지솔루션
2117,㈜키즐링
2118,교통공사
2119,데이터플라이㈜
2120,키즐링㈜
2121,태양광발전시
2122,한전KPS
2123,KEPCO
2124,cia
2125,drug
2126,GIST
2127,김포한강신도시
2128,광주과학기술원
2129,PPP
2130,신수도청
2131,인니
2132,재무부
2133,APP
2134,대구테크노파크(원장
2135,미래혁신정책관
2136,경협
2137,동아시아
2138,두산
2139,두산스코다파워
2140,중유럽
2141,체코
2142,체코 투자청
2143,투자청
2144,파트너링
2145,중앙당
2146,총독부
2147,서경현
2148,NAIAD
2149,비즈데이터
2150,청주시
2151,대동
2152,인더텍
2153,타임리
2154,해남군
2155,북구의회
2156,위원
2157,대구상의
2158,지식재산센터
2159,체코 원전 계약
2160,한
2161,코트라(KOTRA)
2162,MG손보
2163,MG손해보험
2164,PwC컨설팅
2165,메리츠
2166,메리츠화재
2167,한국언론진흥재단
2168,부동산플래닛
2169,서울경제신문
2170,쿠시먼앤드웨이크필드
2171,특허청
2172,민주평화통일자문회의
2173,안전보안관연합대
2174,한국자유총연맹
2175,해병대전우회
2176,LHU
2177,LH토지주택대학교
2178,경상대학
2179,현대엘리
2180,현대엘리베이터
2181,K-드론
2182,SK플래닛
2183,니나노컴퍼니
2184,삼성SDI
2185,장
2186,항공안전기술원
2187,금호타이어
2188,디안시청
2189,서대문구
2190,서대문구청장
2191,아시아
2192,오리온
2193,투저우못대학교
2194,DSK
2195,드론작전사령부
2196,파주시
2197,도이체텔레콤
2198,Athena-Tek사
2199,㈜아이디씨티
2200,유레카
2201,인천TP
2202,코아비즈
2203,기술
2204,기술경영건설
2205,기술경영건설학부
2206,한국토지주택공사(
2207,토지주택대학교
2208,모빌테크
2209,창업
2210,창업도약패키지
2211,경기도교육청
2212,경기도청
2213,도교육청
2214,국립국악원
2215,서산시
2216,화물자동차
2217,부산문화회관
2218,대강당
2219,서방파제 재해취약지구
2220,취수원
2221,한국국토정보공사
2222,동백전
2223,부산신용보증재단
2224,부산청년 취업성공풀
2225,성원
2226,과학고
2227,미래모빌리티
2228,성남시의회
2229,경기주택도시공사(GH)
2230,장애인복지관
2231,종합사회복지관
2232,fis
2233,메콩강
2234,캄보디아
2235,서산시청
2236,일대일로
2237,강원
2238,강원연구원
2239,동해안
2240,서울과학기술대
2241,세가
2242,울산연구원
2243,태화강
2244,중앙정부
2245,수공
2246,중소기업기술정보진흥원
2247,레이크머티리얼즈
2248,한화큐셀
2249,니어스랩
2250,드론쇼코리아
2251,파블로항공
2252,한화에어로스페이스
2253,BS산업
2254,에듀센터
2255,용인언남지구
2256,이동공공주택지구
2257,촉진지구
2258,법원
2259,한국거래소
2260,HSAD
2261,공보담당관실
2262,권태영
2263,대외협력TF
2264,반도체신소재
2265,상수도사업본부
2266,세계도핑방지기구총회추진TF
2267,인재개발원
2268,전국체전기획단
2269,지산학협력
2270,한국산업단지공단
2271,홍보담당관실
2272,국제스포츠산업
2273,총무과
2274,홍보담당관
2275,티디지
2276,솔라시도CC
2277,NGO
2278,LGU
2279,1 Forum
2280,국도1호선포럼
2281,도시연맹
2282,재생기획팀장
2283,한국항공대
2284,항공대
2285,L9블록
2286,계룡건설
2287,계룡건설산업
2288,과학문화센터
2289,세종경찰청
2290,합강1초
2291,일
2292,장성군
2293,Ama
2294,BS
2295,Armv9
2296,더 플라자 호텔
2297,fitn
2298,CES 2024
2299,ASML
2300,ASML코리아
2301,TBM
2302,고영테크놀로지
2303,도쿄일렉트론
2304,도쿄일렉트론코리아
2305,램리서치
2306,램리서치코리아
2307,명지대
2308,에스앤에스텍
2309,에스티아이
2310,용인캠퍼스
2311,울산과학기술원(UNIST)
2312,유진테크
2313,조지아텍
2314,주성엔지니어링
2315,팹리스
2316,솔라시
2317,빅테
2318,베이징
2319,한미
2320,바이낸스
2321,야다브
2322,고용노동부
2323,스마트시티건축공학과
2324,㈜에스지고려
2325,시미리 일원
2326,양지2지구
2327,역북2지구
2328,역북4지구
2329,주택건설
2330,지구
2331,하이테크
2332,중구
2333,중구의회
2334,우정혁신도시
2335,(사)녹색전환연구소
2336,기후
2337,Research Institute
2338,aga
2339,역사박물관
2340,공공주택지구
2341,오전동
2342,의왕
2343,의왕산업진흥원
2344,청계2지구
2345,초평지구
2346,녹색전환연구소
2347,첨단시
2348,유라시아
2349,자유민주
2350,천리지구지
2351,Cheonri
2352,Yongin
2353,㈜에스지고
2354,삼성자산운용
2355,한국수출입은행
2356,우송대
2357,우송대학교
2358,K건설
2359,도로공사
2360,포시즌스호텔
2361,한국해외인프라도시개발지원공사(
2362,지자체 혁신평가
2363,혁신평가
2364,환경대학원
2365,한국공항공사
2366,한국해양진흥공사
2367,도시개발지원공사
2368,포시즌스
2369,철도공사
2370,중도위
2371,BPD
2372,PABPDSI
2373,비츠로시스
2374,FDI
2375,기아차
2376,카자흐스탄
2377,우정
2378,울산정보산업진흥원
2379,국립목포대학교
2380,탄소중립지원센터
2381,한국항공대학교
2382,DMCC
2383,ITC
2384,ICC
2385,LINC
2386,미디어랩
2387,헬스케어바이오텍
2388,율촌
2389,BMW
2390,메르세데스-벤츠
2391,G20
2392,G20 회의
2393,ITU
2394,ITU-
2395,ITU-T
2396,Q1 라포처
2397,SG20
2398,WP2
2399,WTSA-24
2400,세계전기통신표준화총회
2401,한국ITU연구위원회
2402,국제전기통신연합
2403,시리우스
2404,시에라베이스
2405,SIRIUS
2406,G20 국제
2407,SG20 회의
2408,국제표준화기구
2409,시티버스 표준전문연구실
2410,표준연
2411,스터
2412,한·미 동맹
2413,북한군
2414,HD현대사이트솔루션
2415,포스코인터내셔널
2416,뉴욕타임스
2417,LIN
2418,교통청
2419,웹
2420,신정부
2421,스템
2422,용인시산업진흥원
2423,에티살랏
2424,복합
2425,세종대 제공
2426,재건협력포럼
2427,LIG
2428,사이버한국외국어대
2429,오라클
2430,우한
2431,캘리포니아
2432,텍사스
2433,휴렛팩커드
2434,대한교통학회
2435,서울시립대학교
2436,한국모빌리티고등학교
2437,심시스글로벌
2438,인지디지털트윈
2439,메쎄이상
2440,베스텔라랩
2441,서울신문
2442,서울신문사
2443,e나라
2444,2040 수원
2445,구도심
2446,수원화성
2447,수원시장
2448,NIC
2449,국가혁신센터
2450,실무회
2451,GEC
2452,WFP
2453,WFPL
2454,세계청년리더총연맹
2455,혁신평가위원회
2456,청룡
2457,지자체 혁신평가위원회
2458,혁신평가위원회(GEC
2459,UAE
2460,K2H
2461,아태지역
2462,윈난성
2463,지방정부연합
2464,쿤밍 공무원 파견
2465,쿤밍시
2466,파리에스트마른에부아
2467,경기주택도시공사(
2468,로보티즈
2469,샤오펑
2470,JB
2471,SK이노베이션
2472,ASPAC?총회
2473,메인포럼
2474,제10차?UCLG
2475,총회
2476,일산테크노밸리
2477,한국환경공단
2478,네옴
2479,경기주택도시공사
2480,신세계프라퍼티
2481,신세계프라퍼티본사
2482,TCL
2483,Bea
2484,K뷰티
2485,동서유럽
2486,산업통상부
2487,주한체코대사관
2488,룽강구
2489,사우스차이나모닝포스트
2490,쑤첸시
2491,장쑤성
2492,징둥(JD)닷컴
2493,허베이구
2494,체코투자청
2495,BK21
2496,BK21 교육연구단
2497,BK21 대학원혁신사
2498,BK21 대학원혁신사업 컨퍼런스
2499,ICT
2500,ICT융합해양스마트시티
2501,mit
2502,교육연구팀
2503,교육팀
2504,융합사업단장
2505,한국국토정보공사(LX공사
2506,첨단기술
2507,Automotive Task Forc
2508,IATF
2509,대신증권
2510,카네비모빌리티
2511,FIP
2512,경남권
2513,라이프산업단
2514,심시스글
2515,포티투닷)포티투닷
2516,하이퐁시
2517,LH(한국토지주택공사
2518,철도공단
2519,광양시
2520,광양시의회
2521,산업건설위원회
2522,프라운호퍼연구그룹 IWES
2523,거제시의회
2524,교섭단
2525,스마트도시통합센터
2526,의회운영위원회
2527,육성위원회
2528,프라운호퍼연구그룹
2529,FIFA)
2530,OCA
2531,국제축구연맹
2532,바이애슬론
2533,아시아올림픽평의회
2534,K2그룹
2535,원팀코리아
2536,이알버드
2537,폴란드건설협회
2538,대한건설정책연구원
2539,GS칼텍스
2540,건설협회
2541,ICE
2542,Jam
2543,SCI
2544,HDC현대산업개발
2545,삼일씨엔에스
2546,SG
2547,포스코인터
2548,익산시청
2549,관문
2550,전문건설공제조합
2551,우크라
2552,익산
2553,익산본부
2554,전북자치도
2555,부산국제철도기술산업전
2556,IFEMA
2557,PACIFICO
2558,QSNCC
2559,메쎄
2560,탑동이노베이션밸리
2561,도시정책 시민계획단 원탁토론회
2562,Samsung
2563,fan
2564,첨단과학혁신도시
2565,연우테크놀러지
2566,Technology Research Group
2567,MZ세대
2568,마이스터고
2569,명문고
2570,싸이닉스시스템
2571,엑스게이트
2572,옥타코
2573,위즈코리아
2574,지니언스
2575,팀네이버
2576,CPC
2577,버밍엄
2578,울산대
2579,울산대학교
2580,정보화위원회
2581,영국정부
2582,이노브랜치
2583,LEAP
2584,데이터인공지능청
2585,아람코
2586,주파이리 프로토콜캐피탈 그룹
2587,프로토콜캐피탈 그룹
2588,프로토콜캐피탈
2589,중동지역
2590,한국산업기술진흥원
2591,한국교통연구원
2592,KIA
2593,㈜두루
2594,㈜디에이치오토웨어
2595,㈜에스오에스랩
2596,㈜에코피스
2597,㈜오토엘
2598,㈜오톰
2599,㈜유니컴퍼니
2600,㈜제트이브이
2601,㈜포스페이스랩
2602,광주경제자유구역청
2603,농림식품축산부
2604,디에이치오토웨어
2605,제트이브이
2606,ESS
2607,모비스
2608,도시사업
2609,어워즈
2610,공무원 이주
2611,세종청사
2612,수쁘라뜨만
2613,bea
2614,nc
2615,Gap
2616,에코피스
2617,유니컴퍼니
2618,오토엘
2619,건강보험공단
2620,행복도시건설청
2621,스카이 커뮤니티
2622,합강초
2623,남청주IC
2624,KAIA
2625,국토교통과학기술진흥원(
2626,스마트로지스틱스
2627,도시안전주택국장
2628,포항남부경찰서
2629,기술교육원
2630,플랜트전기
2631,울진군
2632,지방정부협의회
2633,법무부장관
2634,코즐로두이
2635,서장
2636,포항시청
2637,고용부
2638,코즐로두
2639,아라비아
2640,한국에너지기술평가원
2641,LG CNS]LG CNS
2642,후지쯔
2643,CNS
2644,공무원 간담회
2645,대구경북경제자유구역청
2646,우즈베키스탄대사
2647,LG 시나르마스
2648,시나르마스 그룹
2649,주간사
2650,기업혁신파크
2651,공과대학
2652,대한토목학회
2653,차세대융합기술연구원
2654,기술연구원
2655,토목공학과
2656,기반기술
2657,기술연구원장
2658,토목공
2659,인천경제청장
2660,건설환경공학부
2661,토목공학
2662,△서울대
2663,구미상공회의소
2664,구미사업장
2665,인천항만공사
2666,창업지원단
2667,▷서울대
2668,토목
2669,기반기술연구실
2670,대원씨티에스
2671,파운드리 네트웍스
2672,델
2673,검단
2674,검단구
2675,검단읍
2676,영종구
2677,영종도
2678,유희강
2679,인천항
2680,행정안전위
2681,기초의회
2682,신도심
2683,한국전쟁
2684,인천연구원
2685,문화예술회관
2686,왕곡지구
2687,의왕시장
2688,대한상의
2689,112상황실
2690,합천경찰서
2691,합천경찰서장
2692,합천군
2693,합천초
2694,플랜트ㆍ건설ㆍ스마트시티
2695,SMIC
2696,어센드
2697,중국공산당
2698,퀄컴
2699,LH연구원
2700,iH
2701,국립항공박물관
2702,안양 스마트시티 통합센터
2703,철도교통관제센터
2704,한국도로공사 교통센터
2705,현대모터스튜디
2706,ZMP
2707,뉴빌리티
2708,AMR
2709,오토모티브
2710,최고경영자
2711,에스엘
2712,삼성증권
2713,도구공간
2714,임하
2715,코스닥
2716,이지스자산운용
2717,라스베이거스
2718,부산경제진흥원
2719,가스관
2720,아큐버
2721,이동
2722,용인시용인특례시
2723,일산동구청
2724,일산서구
2725,Hynix
2726,공산
2727,FIT
2728,겐트대학교 마린유겐트연구소
2729,스탠포드대학교
2730,스토니브룩대(SBU
2731,유타대학교
2732,패션기술대
2733,한국조지메이슨대학교
2734,양우건설
2735,오송역
2736,청주국제공항
2737,한국재료연구원
2738,울산시청
2739,세종지역
2740,싸토리우스
2741,청라
2742,싸이티바
2743,인천글로벌캠퍼스(IGC)
2744,롯데바이오로직스
2745,서밋 이니셔티브
2746,국민대
2747,모건스탠리
2748,네이버1784
2749,스위스
2750,교육특화총괄본부
2751,금정고등학교
2752,부산교대
2753,부산교육대학교
2754,부산대-부산교대
2755,부산대학교
2756,사범대학생회장
2757,양산캠퍼스
2758,의생명특화총괄본부
2759,AA아키그룹
2760,ANU건축
2761,에이앤유디자인그룹건축사사무소
2762,건축사사무소
2763,정림건축
2764,나라장터
2765,기업은행
2766,산업은행
2767,포스텍(포항공과대학교
2768,세대원
2769,테라스하우스
2770,K-스타트
2771,일본계
2772,CES 2025'
2773,대구기계부품연구원
2774,수성알파시티에
2775,MDS테크
2776,LH-
2777,LH사장
2778,네이튼장
2779,라온메디
2780,브엉깐주
2781,경기주택도시공사-킨텍스
2782,경기주택도시공사(GH
2783,경산시장
2784,AI
2785,가우디오랩
2786,엠티에스컴퍼니
2787,웅진씽크빅
2788,전북대병원
2789,전주고
2790,합강중
2791,에이슬립
2792,엠티에스컴
2793,한국디자인단체총연합회
2794,한국상품문화디자인학회
2795,금천구청
2796,아산시청
2797,세계경제포럼
2798,애드미러
2799,델프트공대
2800,공모주
2801,과기원
2802,인사청문특위
2803,주거
2804,K-시티
2805,동대문구
2806,동대문구청
2807,동대문구청장
2808,에코프로
2809,마레몬스호텔
2810,한화포레나부산덕천
2811,합강중학교
2812,유관부서장
2813,천안논산고속도로
2814,합호서원
2815,Sr
2816,덴탈
2817,스리차
2818,에이든랩스
2819,피킷스리차나
2820,엠피닥터
2821,도시통합정보센터
2822,보령시
2823,시민참여단
2824,아토리서치
2825,클라우드앤
2826,ms
2827,갠지스강
2828,기독교
2829,네팔
2830,녹야원
2831,다신교
2832,대한주택건설협회
2833,무굴제국
2834,밀교
2835,불교
2836,불교문화
2837,브라만교
2838,시크교
2839,아그라
2840,엘지
2841,영축산
2842,왕사성
2843,이슬람교
2844,이슬람교도
2845,이슬람사원
2846,인도정부
2847,자이나교
2848,조계종
2849,중앙신도회
2850,카스트제도
2851,쿠와트
2852,타지마할
2853,한국신문
2854,헤럴드경제
2855,힌두교
2856,힌두교사원
2857,도시건설청
2858,사상공단
2859,사상구청장
2860,라온센티널
2861,세미나
2862,사회복
2863,사회복지
2864,JB주식회사
2865,그린산업단지
2866,다쏘시쓰템
2867,디케이테크인
2868,아인스에스엔씨
2869,우아한형제들
2870,천안만
2871,코나아이
2872,다자개발은행
2873,INSTAR 페스티벌
2874,원우회
2875,그린산업
2876,BK
2877,HGTECH
2878,무한대학 대학원 실험실
2879,호북공업대학
2880,화중농업대학
2881,천안시청
2882,방배동
2883,서울 아파트
2884,INSTAR
2885,페블스퀘어
2886,BEA
2887,INTEGRA
2888,LINC3.0사업단
2889,WI
2890,경남대학교
2891,경제개발청
2892,메타버
2893,버시스
2894,쉐코
2895,유니버설 뮤직
2896,이엠씨티
2897,드림가이드컴퍼니
2898,아이이에스지
2899,LINC3.0사업단장
2900,대구디지털혁신진흥원
2901,계명대
2902,대구경북경제자유구역
2903,첨단산업단지
2904,스마트비즈니스센터
2905,영남대
2906,중남미
2907,파나소닉
2908,메타버스월드
2909,유니버설 뮤직 그룹
2910,인천-IFEZ관
2911,참관단
2912,AR
2913,GIO
2914,MZ
2915,통신정보기술부
2916,엔씨소프트
2917,일화
2918,Consumer Electronics Show) 2025
2919,2025 WSCE
2920,국회세종의사당
2921,더플라자 호텔
2922,디지털플랫폼정부위원회
2923,오픈업
2924,이엠시티
2925,GICC
2926,제주항공
2927,농식품부
2928,NCC
2929,다케후미
2930,도시정비부
2931,마쓰부
2932,우츠노미야시
2933,제정심의실 스마트시티 그룹
2934,ROBOne
2935,고려아연
2936,에브테라
2937,트로이카
2938,한길리서치
2939,A사
2940,B사
2941,D사
2942,㈜뉴작
2943,㈜비케이에너지
2944,㈜휴먼아이티솔루션
2945,벤처캐피탈
2946,썬스톤
2947,전남관
2948,전라남도
2949,제공전라남도
2950,휴먼아이티솔루션과 ㈜비케이에너지
2951,CES2025
2952,C랩
2953,대구경북과학기술원
2954,마인스페이스
2955,삼성 간판
2956,안진혁
2957,퀘스터
2958,핀포인트
2959,C랩 아웃사이드
2960,고스트패스
2961,메디트릭스
2962,삼성서울병원
2963,퀘스트
2964,누비랩
2965,D2SF
2966,비케이에너지
2967,휴먼아이티솔루션
2968,미래자동차
2969,L1
2970,딥파인
2971,성동구
2972,유레카 파크
2973,에딘트
2974,랩에스디
2975,라이덕
2976,SINGLEX
2977,클라
2978,마스턴투자운용
2979,케이뱅크
2980,추진위원회
2981,모빌리티 동맹
2982,모셔널
2983,앱티브
2984,제너럴모터스
2985,라이다
2986,유니유니
2987,3.0사업단
2988,에코피스 주식회사
2989,전남대학교
2990,전남지사
2991,데크하우스 커뮤니케이션즈
2992,오스쿠 칼카야
2993,케이
2994,안양시장
2995,부산시의회
2996,광주전남지역
2997,CES서
2998,해외건설협회장
2999,PP
3000,삼성그룹
3001,INCHEON-
3002,가에고
3003,챔버
3004,INCHEON
3005,롯데이노베이트
3006,겐트대
3007,겐트대학교
3008,스탠다드에너지
3009,이온
3010,한남대
3011,LG 옵타펙스
3012,클라우드사업부
3013,KB증권
3014,뱅크오브아메리카
3015,맥쿼리
3016,맥쿼리자산운용
3017,산학협력선도대학
3018,정보통신산업정책관
3019,회원
3020,내일꿈제작소 건립
3021,시군
3022,시민복지
3023,AICC
3024,맥쿼리PE
3025,(이화여대
3026,메타파머스
3027,서울캠퍼스타운
3028,소비자기술협회
3029,휴로틱스
3030,FAA
3031,L20
3032,연방항공국
3033,언베일드
3034,Electronic Show
3035,써모아이
3036,커넥
3037,ZEB
3038,건축사무소대표
3039,싸이트플래닝
3040,하남교산지구
3041,건축학과
3042,X-Tech
3043,인천스타트업
3044,홍보관
3045,abc
3046,개성
3047,고복저수지
3048,국립수목원
3049,금강보행교
3050,금수동갤러리
3051,도시정원
3052,마천루
3053,문화정원
3054,밴가드1아트센터
3055,베어트리파크
3056,부강
3057,부강포구
3058,산일제사
3059,세종수목원
3060,세종화랑협회
3061,아르스
3062,연서면
3063,웰컴하우스
3064,유니크
3065,홍판서댁
3066,농생명
3067,ppr
3068,미국소비자기술협회(CTA)
3069,CJ
3070,한국투자증권
3071,K스타트업 통합관
3072,슈프리마에이아이
3073,만달레이베이
3074,경영혁신위원회
3075,경영혁신전략회의
3076,산학협력위원회
3077,정례회
3078,신안그린테크
3079,인비즈
3080,스마트큐브
3081,와이그램
3082,희생자
3083,00 본회의
3084,CHA
3085,게이트
3086,국회사무총장
3087,국회운영위원회
3088,상임위원회
3089,전종덕 의원실
3090,제2세미나
3091,진보당
3092,진상조사단
3093,조국혁신당
3094,SA
3095,한국매니페스토실천본부
3096,영국표준협회(BSI
3097,egas
3098,도요다
3099,피투제이
3100,CES 2023
3101,㈜고스트패스
3102,㈜그린토크
3103,㈜리버트리
3104,㈜블루캡슐
3105,㈜사각
3106,㈜아트랩
3107,㈜인디제이
3108,㈜인비즈
3109,㈜호그린에어
3110,디닷캐어
3111,메리핸드
3112,멤스
3113,삼성C-LAB
3114,쉐어
3115,에코피스주식회사
3116,정션메드
3117,토요타자동차
3118,CIP
3119,GS에너지
3120,영국표준협회
3121,델타항공
3122,테크크런치
3123,VIB
3124,서울대학교 환경대학원
3125,봉은사
3126,미국소비자기술협회(CTA
3127,볼보
3128,텐마인즈
3129,아모레퍼시픽
3130,브로커
3131,경복대
3132,경복대학교
3133,HL그룹
3134,소비자기술협회(CTA
3135,가트너
3136,부산관광공사
3137,의정부공고 교명변경
3138,매일경제 취재팀
3139,웨스트홀
3140,기획투자부
3141,CJ인베스트먼트
3142,Z벤처캐피탈
3143,글락소스미스클라인(GSK)
3144,무니스
3145,식약처
3146,신한벤처투자
3147,에이온인베스트먼트
3148,엠엠에스벤처스
3149,연세대학교바이오헬스기술지주회사
3150,카익투벤처스
3151,쿼드메디슨
3152,호라이즌인베스트먼트
3153,LG에너지
3154,뉴욕대
3155,코스닥협회
3156,TV조선
3157,연무동
3158,도봉구
3159,도봉구청장
3160,도시정보
3161,도시데이터
3162,무안군
3163,(재)부산정보산업진흥원
3164,과학기술정통부
3165,는 국토교통
3166,KIST
3167,한국과학기술연구원
3168,매경미디어그룹
3169,대구창조경제혁신센터
3170,광운대
3171,미·중 갈등
3172,㈜한양
3173,스카이랩스
3174,앤오픈
3175,한아세안 특별정상회의
3176,양자정보기술
3177,클라우드 엑스포
3178,경기도 교육청
3179,부곡커뮤니티센터
3180,왕송호수공원
3181,장애인단기보호센터
3182,포일숲속마을
3183,죽스
3184,한·아세안 특별정상회의
3185,목포시장
3186,음식진흥센터
3187,호남고속철도
3188,벡스코서
3189,Sk
3190,아세안 특별정상회의
3191,브레인유
3192,성남산업진흥원
3193,한경 긱스
3194,의정부공고 교육공동체
3195,볼보 그룹
3196,에이투어스
3197,포스코그룹
3198,세종공동캠퍼스
3199,세종시립도서관
3200,정부세종청사
3201,인천일보
3202,"국토장관 ""제주항공 참사"
3203,국토부장관
3204,대원근린공원
3205,기술가치창출원장
3206,넥스트웨이브
3207,파네시아
3208,플랜바이테크놀로지스
3209,기술가치창출원
3210,IF
3211,리빙랩 시민연구원
3212,시민연구원
3213,디닷엣지
3214,디닷허브
3215,디토닉
3216,한국가스안전공사
3217,LG이노텍
3218,동나이성
3219,빈즈엉성
3220,SK텔레콤·KT·LG유플러스
3221,필리핀정부
3222,한·필리핀
3223,BECAMEX
3224,CSEM사
3225,SCEWC 어워즈
3226,㈜에프엠케이
3227,스마트넷제로시티
3228,인베스트
3229,한국수자원공사(
3230,SCEWC 2024
3231,라이트
3232,리솔
3233,JDC
3234,제주국제자유도시개발센터
3235,제주시청
3236,제주특별자치도
3237,탐라자율차
3238,기술보증기금
3239,태안군청
3240,신도시개발
3241,BMC
3242,고양도시관리공사
3243,국무총리
3244,동국대학교
3245,동국대학교BMC
3246,동국대학교BMC캠퍼스-일산동부경찰서
3247,인사혁신처
3248,일산동부경찰서
3249,한동균
3250,KOTRA오사카 파견
3251,감사담당
3252,감사담당관실
3253,건설본부
3254,경제정책
3255,경제정책과
3256,공보담당관
3257,공항기획
3258,공항기획과
3259,과거사정리위원회 파견
3260,관광마이스산업
3261,국무조정실 파견
3262,기획담당관실
3263,김대우
3264,대중
3265,맑은물정책과
3266,문화예
3267,문화예술과
3268,미래에너지산업과
3269,보건환경연구원
3270,부산진해경제자유구역청
3271,빅데이터통계담당
3272,산업통상자원부 파견
3273,서울본부
3274,세정정책담당관
3275,수산자원연구소
3276,시의회사무처
3277,신공항사업지원
3278,신공항사업지원단
3279,아동
3280,여성
3281,영상콘텐츠산업
3282,예산담당관
3283,자원순환과장
3284,재정협력담당관
3285,조직담당관
3286,지방시대위원회 파견
3287,지산학협력과장
3288,차량등록사업소
3289,총무
3290,치의학바이오
3291,택시운수
3292,한국지역정보개발원
3293,한창엽
3294,해양자연사박물
3295,현대미술관
3296,신공항
3297,타타 모터스
3298,e Living
3299,동국대
3300,CSEM
3301,주택공간위원회
3302,KG
3303,모빌리티
3304,TIPF
3305,공학한림원
3306,이사
3307,해밀동
3308,HABITAT
3309,공공데이터전략위원회
3310,스마트도시위원회
3311,원광에스앤티
3312,자원순환정책과장
3313,고양가디언즈
3314,셀리코
3315,혁신산업국장
3316,원광S&T
3317,전기안전공사
3318,정보통신융합
3319,폐스티로폼
3320,농업부
3321,숭실대
3322,리더십 아카데미
3323,인공지능대학원
3324,스튜디오랩
3325,이코노믹스
3326,가평군
3327,강원교육청
3328,강원창업창업체험센터
3329,강원창업체험센터
3330,강원특별자치도교육청
3331,석정여고
3332,영남대학교
3333,엔비디아 GPU
3334,XR
3335,버츄얼프로덕션
3336,아시아개발은행
3337,한국개발연구원
3338,부산창업청
3339,창경센터
3340,카네기멜론대
3341,BK21사업 중간평가서 전국
3342,ERICA캠퍼스
3343,서울·ERICA캠퍼스
3344,서울캠퍼스
3345,인문사회과학기술융복합
3346,차세대통신
3347,광명시광명시
3348,탄소중립
3349,BISTEP
3350,아젠다
3351,영국표준협회(BSI)
3352,VR
3353,게임인재단
3354,성남시청소년재단
3355,진로체험관
3356,늘봄다봄센터
3357,부북면
3358,성과평가위원회
3359,푸드뱅크
3360,재난관리평가
3361,gist
3362,중앙도시계획위
3363,대공
3364,창녕군
3365,예결위
3366,씨엔티테크
3367,하버드
3368,두산위브 더센트럴
3369,코맥스
3370,테크노밸리
3371,음성군
3372,달서구
3373,달서구청장
3374,충북도
3375,달서구청
3376,충주시청
3377,행정복지
3378,한국선급
3379,경남테크노파크
3380,동서대
3381,부산정보산업진흥원장
3382,무역관장
3383,INCHEON-IFEZ관
3384,참관
3385,iH(인천도시공사
3386,위드
3387,INCHEON-IFEZ
3388,Circ
3389,프레스센터
3390,교류회
3391,동반협력기업
3392,리빙랩지원단
3393,지원단
3394,한국보건산업진흥원
3395,리빙
3396,밤
3397,한국표준협회
3398,쿤텍
3399,쿤텍(대표
3400,뉴스핌
3401,씽크풀
3402,한화투자증권
3403,HFR
3404,인천도시공사
3405,자유구역
3406,Abc
3407,대보건설
3408,제일건설
3409,도심부
3410,SNS
3411,서울통합
3412,해병대 협치
3413,P-2구역
3414,동아닷컴
3415,i-SMR
3416,드론
3417,IEA
3418,국제에너지기구
3419,어반테크
3420,에어비앤비
3421,해양수산부
3422,해진공
3423,KOBC
3424,골드시티
3425,서울주택공사(SH)
3426,솔라시도 골프앤빌리지
3427,솔라시도CC 옆
3428,열린도서관
3429,위더스
3430,재경 향우 시군지회
3431,첨단신도시
3432,향우회장
3433,교육혁신원장
3434,대구대
3435,대구대학교
3436,해양진흥공사
3437,한국전자통신연구원(
3438,HMGICS
3439,관악구
3440,관악구청장
3441,모범의회
3442,의원
3443,LINC3
3444,CJ·
3445,RAG
3446,SK·동원그룹
3447,SaaS
3448,e마트
3449,mHUB
3450,가스공사
3451,건보단
3452,근복단
3453,대법원
3454,디지털트윈교통
3455,미들웨어SW
3456,심평원
3457,하나은행
3458,K-MOOC
3459,교육혁신원
3460,국가평생교육진흥원
3461,군지회
3462,중앙일보
3463,국립국어원
3464,세종학당재단
3465,국민대학교
3466,베를린
3467,㈜건축설계사무소
3468,성심당
3469,중앙로
3470,한남대학교
3471,캠틱종합기술원
3472,국제경영개발대학원
3473,마켓어스
3474,울산중구의회
3475,(사)부산방송영상포럼
3476,게임공학과
3477,동명대
3478,동의대 대학원
3479,부산시청자미디어센터
3480,부산영상공모전
3481,부산지역
3482,부산청년정책연구원
3483,시청자미디어재단
3484,BoomUp
3485,IKMP
3486,Invest
3487,바우처
3488,붐업코리아
3489,웨비나
3490,인베스트코리아
3491,인베스트코리아서밋
3492,서울스마트시티센터
3493,LINC3.0
3494,신청서 작성법 멘토링
3495,리서치프레너
3496,마이크로소프트사
3497,베를린 주정부
3498,에이버츄얼
3499,카이미
3500,Advanced Materials
3501,MSCA
3502,범한퓨얼셀
3503,자통상산업부
3504,자프룰
3505,sk
3506,융기원
3507,융기원장
3508,차석원
3509,경로당 통합정보 서비스
3510,남해군
3511,남해경찰서
3512,대한노인회
3513,체인지업그라운드
3514,유럽연합(
3515,KDB산업은행
3516,LH세종특별본부
3517,경주
3518,경희사이버대
3519,경희사이버대학교
3520,레드햇
3521,노르마
3522,큐리온
3523,서울주택도시공사(SH)
3524,IBSF
3525,평창군
3526,평창관광문화재단
3527,기상청
3528,동부산관광단지
3529,도시재생지원센터
3530,시흥시
3531,기상청장
3532,시흥시장
3533,SK바이오
3534,국제고
3535,덕신고
3536,박문여고
3537,북일고
3538,양정고
3539,인일여고
3540,인천탁주
3541,하나고
3542,하늘고
3543,한국조지메이슨대
3544,SW중심대학사업단장
3545,경기대학교
3546,교육경제개발연구소
3547,콘텐츠융합소프트웨어연구소
3548,마스턴아메리카
3549,맨해튼
3550,소메라로드
3551,WeGO
3552,세계스마트시티기구
3553,유엔해비타트
3554,의정부시장
3555,경제위
3556,경제위원회
3557,수원시의회
3558,한치훈
3559,호텔
3560,Prime Minister
3561,의정부시의정부시
3562,의정부시 제공
3563,소메라로
3564,에비뉴
3565,마스턴아
3566,LGCNS
3567,서스틴베스트
3568,무역관
3569,EPA
3570,의왕시의회
3571,도시통
3572,바이브컴퍼니
3573,팁스
3574,Hello
3575,KF
3576,TMG
3577,국제민간친선협회
3578,국제전기통신연합(
3579,국제협력진흥기금
3580,안양시스마트도시통합센터
3581,한국국제교류재단
3582,홍익대 세종캠퍼스
3583,유엔총회
3584,IPTE
3585,양우종합건설
3586,메가존클라우드
3587,국가지역경쟁력연구원
3588,국회행정안전위원회
3589,자치회
3590,지방시대위원회
3591,영상
3592,공동성명
3593,국가기술표준원장
3594,명동
3595,장기 이니셔티브
3596,한-아세안
3597,국표원
3598,한-아세안 정상회의
3599,네이버 1784 사옥
3600,WMO
3601,세계기상기구
3602,농진청
3603,농촌진흥청
3604,경남도의원
3605,도의회
3606,㈜구영테크
3607,㈜씨아이에스
3608,구영테크
3609,대구중
3610,미래첨단소재㈜
3611,대구광역시장
3612,APCEIU
3613,국제이해교육원
3614,미래모빌리티학교
3615,㈜YH데이타베이스
3616,㈜오대
3617,기승공업
3618,농업회사
3619,대구중소기업인대회
3620,심사위원회
3621,그린스마트시티
3622,벤처투자조합
3623,솔루엠
3624,모빌리티산업전
3625,SH공사
3626,서울주택도시공사(SH공사)
3627,용산국제업무지구
3628,태평양
3629,진주시
3630,Ibr
3631,신라호텔
3632,국토교통부장관
3633,과천과학관
3634,금천구
3635,금천구청장
3636,유튜버
3637,첨단산업
3638,교통대
3639,HBM
3640,오피니언
3641,수출입은행장
3642,시티스케이프
3643,강원일보
3644,사람인
3645,암스테르담
3646,춘천사회혁신센터
3647,국립도시건축박물관
3648,국립디자인박물관
3649,국립디지털문화유산센터
3650,향토유물박물관
3651,대회
3652,마크로젠
3653,진로진학교사
3654,남원시
3655,횡성군
3656,원수
3657,부경대
3658,L&T
3659,진흥원장
3660,유엔(
3661,KDB인프라자산운용
3662,스미토모상사
3663,카라마
3664,한국남부발전
3665,동양일보
3666,통일
3667,동남신도시
3668,정보통신담당관
3669,경기고양특
3670,BKCF
3671,UNIFIL
3672,가자 지구
3673,경제협력위원회
3674,동방
3675,동방정책
3676,세종학당
3677,아세안 확대국방장관회의
3678,아세안+
3679,유엔 안전보장이사회
3680,유엔 헌장
3681,정상
3682,정상회의
3683,평화유지군
3684,한-말레이시아 정책협의회
3685,UGPP
3686,시나르마스그룹
3687,충청지역
3688,피치북
3689,뤼튼테크놀로지스
3690,씨아이티
3691,㈜짐
3692,뉴에너지㈜
3693,ICB
3694,nuc
3695,유엔안보리
3696,정상회담
3697,Korea
3698,삼성중공업
3699,부처
3700,아세안(
3701,AWA
3702,GS인증
3703,한국표준협회(KSA)
3704,FH도르트문트대
3705,창립총회
3706,마스다르
3707,도심항공모빌리티
3708,대외/ESG
3709,인프라금융부장
3710,팀네이버-
3711,남빈증출장소
3712,베트남우리은행
3713,네이버·네이버클라우드
3714,대외·ESG
3715,업무협약
3716,정책
3717,나이지리아
3718,세네갈
3719,인천스마트시티
3720,잠비아
3721,케냐
3722,중국대사관
3723,FCEV
3724,KG그룹
3725,한국타이어
3726,중고차
3727,한국타이어앤테크놀로지
3728,kit
3729,기보
3730,한국수출입은행장
3731,백현마이스
3732,분당벤처밸리
3733,하이테크밸리
3734,혁신연구센터
3735,보훈명예수당
3736,28청춘창업소
3737,경기신용보증재단
3738,고양미래교육협력지구
3739,노인종합복지관
3740,아이알데이
3741,ERBUD
3742,펜타시티
3743,평택브레인시티 한신더휴
3744,포항 펜타시티 한신더휴
3745,한신더휴
3746,창업경제혁신센터
3747,도시정비기획단
3748,베드타운
3749,수인분당선
3750,아자부다이
3751,힐스
3752,태양광
3753,tem
3754,IFE
3755,IICC
3756,K-마
3757,경기도경제과학진흥원
3758,중소기업중앙회
3759,K-마이
3760,파트너십
3761,IDC
3762,LG 씽큐 온
3763,NX
3764,하만 인터내셔널
3765,CBS
3766,DIP
3767,대구디지털혁신진흥원(DIP
3768,대구지역
3769,에어딥
3770,유니바
3771,배리어프리
3772,다문화사회 연구회
3773,충주시
3774,LH토지주택연구원
3775,회계
3776,서울관
3777,스마트시티 서울
3778,Fis
3779,정보통신박람회
3780,대구디지털혁신진흥원(
3781,호로독
3782,NUS
3783,싱가포르국립대
3784,통신정보부
3785,뉴타운
3786,롯데센터출장소
3787,미딩출장소
3788,총영사관
3789,코오롱
3790,롯데몰지점
3791,남빈증 출장소
3792,큐링이노스
3793,onsumer Electronics Show
3794,삼우이머션
3795,피티브로
3796,JV
3797,NHC
3798,시티스케이프2024
3799,주택공사
3800,국립대
3801,도시공학
3802,도시공학과
3803,㈜씨아이티
3804,라이얀
3805,팀네이버-NHC
3806,5G·6G
3807,부동산학과
3808,현대차계열사
3809,㈜도시농사꾼
3810,BBC
3811,메디카
3812,브로츠와프시
3813,한인회
3814,알부티
3815,한국대사
3816,더넥스트에이아이
3817,아이핀랩스
3818,AIaa
3819,국립주택공사
3820,국립주택공사(NHC
3821,(주)버시스
3822,(주)비바이노베이션
3823,IFEZ관
3824,재건 협력
3825,나사
3826,우주항공청
3827,브루나이
3828,아세안 정상회의
3829,유엔사
3830,태평양 지역
3831,인태지역
3832,Summit
3833,한·아세안 정상회의
3834,HS효성
3835,안보협
3836,국가안보실
3837,ADB
3838,㈜글로이앤씨
3839,㈜동해종합기술공사
3840,㈜랩피스
3841,㈜카카오엔터프라이즈
3842,시민안전센터
3843,진우에이티에스(주)
3844,LX한국국토정보공사(LX)
3845,삼성·
3846,국립주택공사(NHC)
3847,프로젝터
3848,K-NIBRT사업단
3849,국능중전그룹
3850,정책평가연구원
3851,지세븐
3852,커넥트
3853,하이샹약업
3854,CONN
3855,한중
3856,노키아
3857,한중 미래첨단
3858,에너지
3859,SCIRC
3860,MS社
3861,경제청
3862,오케스트로
3863,CVC
3864,플랜에이치벤처스
3865,엑스플로인베스트먼트(GS건설
3866,에이오팜
3867,인천스마트시티서
3868,김포공항
3869,하이파킹
3870,전자신문
3871,한화시스템
3872,한국마이크로소프트
3873,바이오
3874,유럽연합(EU)
3875,스마트시티 서밋 이니셔티브
3876,서밋 이니셔티브 선언
3877,Fujitsu
3878,UMC사
3879,㈜뉴럴디
3880,㈜마이렌
3881,㈜티엠씨솔루션즈
3882,디자인하우스
3883,리스
3884,카투㈜
3885,코코넛사일로㈜
3886,클라이온
3887,텐에이젼트㈜
3888,화주
3889,벨파스트
3890,핵테온
3891,sony
3892,사이버보안연구센터
3893,공화당
3894,송도경제자유구역
3895,마이렌
3896,NIA한국지능정보사회진흥원
3897,에이모
3898,수자원환경부문장
3899,바르셀로나시
3900,우고발렌티
3901,총영사
3902,카타펄트
3903,SQI소프트
3904,빈홈스
3905,메카
3906,한중 미래첨단사업
3907,도시구성원
3908,투르크멘화학공사
3909,SDGs
3910,WISE
3911,한·중
3912,에코
3913,한화자산운용
3914,신도시건설
3915,CIET
3916,양양군
3917,양양새활용센터
3918,양양새활용주식회사
3919,다산네트웍스
3920,ICISCT
3921,IEEE
3922,KMU-TUIT
3923,TUIT
3924,국제전기전자공학협회
3925,글로벌개발협력연구원
3926,비즈니스IT전문대학원
3927,한국국제협력단(KOICA)
3928,글로벌
3929,IPGD
3930,교육감
3931,인빅
3932,다리소프트
3933,브이앤지
3934,쏘우웨이브
3935,양산시
3936,양산시장
3937,콤파스
3938,제일엔지니어링
3939,중동 시장
3940,펜타시큐리티
3941,정헌재
3942,양산만
3943,성남관
3944,NEOM CITY
3945,TROJENA
3946,디스커버리
3947,바벨 탑
3948,아라비아만
3949,아라비아반도
3950,아카바만
3951,에픽온
3952,연안
3953,요르단강
3954,클럽
3955,티그리스강
3956,해양에너지
3957,홍해
3958,휴양리조트
3959,JETRO
3960,도쿄무역관
3961,디지철청
3962,디지털청
3963,로봇산업진흥원
3964,제주창조경제혁신센터
3965,개발
3966,개발청
3967,재건청
3968,프리뉴
3969,다이내믹스
3970,IDB
3971,건설교통부
3972,미주개발은행
3973,포항사랑카드
3974,그라운드원
3975,SCEWC2024
3976,서초구청
3977,에이트테크부스
3978,스마트시티 서울 정책
3979,강인아 파이낸셜경제
3980,석탄공사
3981,지방시대위
3982,Fitn
3983,가브론스카
3984,엑스포 첫날
3985,남중국해
3986,라오스
3987,공간정보사회연구본부
3988,한글과컴퓨터
3989,한컴
3990,남부권
3991,산업경제위원회
3992,인사위원회
3993,충북도의회
3994,gap
3995,K-ESL
3996,LH공사
3997,SCEW
3998,비엠 시큐리티
3999,㈜루트랩
4000,㈜체리
4001,디엑스웍스㈜
4002,디엑스웍스
4003,<주
4004,<주>
4005,한국원자력연구원
4006,전국
4007,㈜다원메닥스
4008,㈜무지개연구소
4009,㈜인트인
4010,㈜일만백만
4011,동인청사
4012,대명
4013,주야로
4014,대한전선
4015,삼원에프에이
4016,첨단산업국장
4017,IBK창공
4018,케이앤어스
4019,ASTERS
4020,재건지원팀
4021,제이솔루션
4022,무지개연구소
4023,공간
4024,International Conference on
4025,ommunications Technologies 2024
4026,부산도시공사(BMC
4027,BO
4028,B&M
4029,CIO
4030,MBA
4031,도심항공모
4032,매니아
4033,보잉
4034,스탠포드대학
4035,아메리칸대학
4036,조지워싱턴대
4037,코렌텍
4038,타이완
4039,플라나
4040,항공우주학
4041,국립치의학연구원
4042,대한치과협회
4043,대한치의학회
4044,부산치과의사회장
4045,치의학연구원
4046,치의학전문대학원
4047,부산대·동아대
4048,마켓앤마켓
4049,KNN
4050,부산일보
4051,유치
4052,MEDICA
4053,기업협의회
4054,템즈
4055,SCEWC24
4056,nc.
4057,신트라시
4058,양산상공회의소
4059,SLW
4060,토론회
4061,ODA
4062,VKC
4063,에너지솔루션
4064,한국학
4065,KOTRA(
4066,SG13
4067,WTSA-
4068,경찰대학
4069,과학치안 아이디어 공모전
4070,과학치안진흥센터
4071,소프트웨어융합대학
4072,한국과학기술연구원(KIST)
4073,한국컴퓨터정보학회
4074,SG15
4075,WTSA 준비회의
4076,태롱은행
4077,현대·기아자동차
4078,와이파이
4079,YH데이타베이스
4080,블루센
4081,오대(대표
4082,오대
4083,한국소방기구제작소
4084,DLR
4085,가이아엑스
4086,더아이엠씨
4087,제다
4088,DFC
4089,JBIC
4090,공동 이니셔티브
4091,국제개발금융공사(DFC)
4092,네이단
4093,한·미·일 공동 이니셔티브
4094,한미일 정상회
4095,㈜더아이엠씨
4096,함부르크
4097,부경대학교
4098,소방기구
4099,ces
4100,국립주택공사(
4101,Kara
4102,교통부장관
4103,카자흐
4104,복컴
4105,복합커뮤니티센터
4106,우체국
4107,평생교육원
4108,K-UAM
4109,K-UAM그랜드챌린지
4110,WISE캠퍼스
4111,불교문화대학
4112,기술직
4113,토목직 공무원
4114,토목직공무원
4115,삼성종합기술원
4116,쿠팡
4117,검찰청
4118,김해상공회의소회장
4119,김해시
4120,비서관
4121,WTSA
4122,국립전파연구원장
4123,기술부
4124,이에이
4125,정보통신산업진흥원(NIPA
4126,IGIS
4127,UND
4128,대구보건대
4129,대구보건대학교
4130,임상병리학과
4131,<주>릴리커버
4132,튀르키예
4133,㈜IGIS
4134,태국 스마트시티 프로젝트
4135,㈜IGIS(대표
4136,㈜UND
4137,한인무역협회
4138,(주)IGIS
4139,스쿨버스
4140,안랩
4141,SK E&S
4142,세종지방법원
4143,가로림만
4144,벌천포해수욕장
4145,현대건설기계
4146,데이
4147,함부르크시
4148,6G
4149,정선군
4150,일본국제협력은행(JBIC
4151,한미일 정상회담
4152,美DFC·日JBIC
4153,ICT 분야 공동 이니셔티브
4154,한·미·일 정상회
4155,씨엔와이더스
4156,진흥회
4157,한국광융합산업진흥회
4158,부산광역시컨소시엄
4159,부산진구청장
4160,아세안 디지털트윈 초청
4161,구룡사
4162,내년
4163,서부지역
4164,집행부
4165,남구청장
4166,비츠로시스글로벌인도네시아
4167,빛과전자
4168,E.N.SOFT사
4169,Mossi사
4170,㈜유엔디
4171,스타기업관
4172,세계보건기구(WHO
4173,도시사업협의회
4174,스마트도시사업협의회
4175,세종스마트시티㈜
4176,CJ제일제당
4177,HKR
4178,누리플랜
4179,두산중공업
4180,유니슨
4181,유니슨HKR
4182,조도
4183,IOT
4184,라이트카운팅
4185,고양특례시장
4186,China
4187,CID
4188,CIDB
4189,Nan
4190,건설산업발전위원회
4191,국제건설주간빌드엑스포
4192,빌드엑스포
4193,스토니브룩대(
4194,군위
4195,군위군
4196,ASPAC사무총장
4197,ASPAC회장
4198,고양특례시-세계지방정부연합
4199,OKTA
4200,넥센타이어
4201,두바이상공회의소
4202,광명3동
4203,늘빛하늘정원
4204,효성티앤씨
4205,고양시공무원노조
4206,도도마 시청
4207,세계지방정부연합(
4208,대구정책연구원
4209,삼성창조캠퍼스
4210,제천시
4211,도도마
4212,공공
4213,공공사업부
4214,하노이시
4215,라온센티넬
4216,엔비디아코리아
4217,CTC
4218,한국사무소
4219,도시정보공학과
4220,미래항공
4221,에어버스
4222,한국해양과학기술원(KIOST
4223,항공우주사업본부
4224,고천 공업지역
4225,광주전남지역본부
4226,의왕도시공사
4227,한국토지공사
4228,대구일보
4229,TP
4230,KDB자산운용
4231,Private Partnership
4232,나카스-바삭세히르
4233,독립국가연합(CIS)
4234,르네상스
4235,르네상스사
4236,한국도로공사?
4237,한국도로공사?한국해외인프라도시개발지원공사
4238,경제부지사
4239,포스트 차이나
4240,KIAMCO
4241,CJ라이브시티 협약
4242,미래재단
4243,부총영사
4244,표명구ㆍ지봉근기자
4245,잉크
4246,SSG 랜더스
4247,DIFA
4248,제어로봇시스템학회
4249,한국로봇산업협회
4250,도시첨단산업단지
4251,프라도시개발공사
4252,GSS
4253,메이지대학
4254,고양가구조합
4255,휴게쉼터 조성공사
4256,뉴욕주립대
4257,유타대
4258,조지메이슨대
4259,카카오엔터프라이즈
4260,NMDC
4261,뉴무라바
4262,리야드
4263,마이클 다이크
4264,무카브
4265,IT서비스비즈니스연구회
4266,시찰단
4267,한국공간정보통신
4268,강사1리항
4269,미래항공교통
4270,KSIC
4271,청원경찰
4272,Campus Living
4273,경기창조경제혁신센터
4274,크레센트컨설팅 파트너
4275,마스다르시티
4276,KB국민은행
4277,강사리항
4278,마산리항
4279,이가리항
4280,가톨릭관동대학교
4281,단군
4282,람보르기니
4283,레포
4284,레포레
4285,볼로냐
4286,볼로냐시
4287,on
4288,레이다
4289,콘티넨탈
4290,레이캬비크
4291,바기오
4292,코냐
4293,국토위
4294,실증단지
4295,입주대학
4296,과학기술원
4297,eBA
4298,펌프킨
4299,한양증권
4300,한국측
4301,서울투자청
4302,한-중동
4303,한국콘텐츠진흥원
4304,정부역량강화부
4305,한국산업기술시험원
4306,리콘랩스
4307,아이온커뮤니케이션즈
4308,한·중동
4309,에이치투오호스피
4310,자이텍스
4311,정부역
4312,과기정통부]과학기술정보통신부
4313,붕깐주
4314,서울아산병원
4315,중앙보훈병원
4316,한국기계연구원
4317,헤드마운트디스플레이
4318,MoU
4319,완샷씨리
4320,119상황실
4321,UNESCAP
4322,㈜RebootUp
4323,경제사회위원회
4324,고양특례시청
4325,동국대·
4326,미래기술체험부
4327,세계도시포럼
4328,스마트도시연구센터
4329,중부대
4330,탄소중립녹색성장위원회
4331,펜실베이니아 주립대
4332,프로그레스
4333,ICT융합
4334,㈜Inter-X
4335,㈜KT
4336,㈜SK
4337,㈜샌드박스
4338,㈜스코넥엔터테인먼트
4339,㈜이스트소프트
4340,더샌드박스
4341,스코넥엔터테인먼트
4342,ITU '글로벌 표준 심포지엄
4343,재난관리
4344,재난관리기금
4345,재난관리평
4346,YEEP
4347,순천향대학교
4348,진로융합교육원
4349,진로창업
4350,충남교육청
4351,충남교육청진로융합교육원
4352,자치
4353,광주과학기술원(GIST
4354,SDN
4355,지케스
4356,숙명여대
4357,메타버스연구소
4358,안전문화살롱
4359,마닐라
4360,UN-ITU
4361,ICT융합엑스포
4362,SK리츠
4363,프라운호퍼
4364,포항사랑
4365,현대위아
4366,해군
4367,국립컨벤션센터
4368,국방장관회
4369,동아시아정상회의
4370,WeGO 스마트시티 챔피언즈
4371,서울런
4372,손목닥터9988
4373,주니어
4374,여사
4375,동남아연구소
4376,태 지역
4377,개도국 공무원
4378,㈜화이트스캔
4379,화이트스캔
4380,무역협회
4381,어린이정원
4382,올댓아이엠씨
4383,국무회의
4384,방통위원장
4385,리야드시
4386,아이야프
4387,스마트시티 서울 CDO
4388,서울식물원
4389,청계천
4390,K콘텐츠
4391,LVIS
4392,뮤셈
4393,뮤셈비나
4394,구름스튜디오
4395,아세안 회의
4396,한·일·중 정상회의
4397,새만금개발공사
4398,세안
4399,한일관
4400,한일중
4401,한중관계
4402,이시바
4403,경호처
4404,공무원 파견
4405,구이저우성
4406,문화체육관광국
4407,시의회 행정복지위원회
4408,외사교무위원회
4409,인민대표대회
4410,지휘부
4411,충청권세계대학경기대회
4412,행안위
4413,韓·아세안
4414,한·
4415,UNCLOS
4416,한-아
4417,국립세종수목원
4418,CMIM
4419,국방장관회의
4420,유엔-해비타트
4421,해비타트
4422,문무대왕과학연구소
4423,봉화
4424,울진
4425,LA부시장
4426,8.15
4427,동북아시아
4428,국립재활원
4429,약자동행기술존
4430,한-아세안(
4431,행정복지위원장
4432,타슈켄트시
4433,홍콩
4434,마이무
4435,고이체프
4436,불가리아
4437,소피아시
4438,국가안보전략연구원
4439,웨스틴조선호텔
4440,파하드
4441,국제
4442,시카고대
4443,찬헹치
4444,S-A2
4445,AM
4446,광복절 기념사
4447,동남아시아연구소
4448,렉처
4449,태도국
4450,5+1
4451,한국영상대
4452,행정대학원
4453,한글문화단지
4454,하버드대
4455,한국과학기술원(KAIST)
4456,Soft
4457,킹살만파크
4458,CBO
4459,강원특별자치도의회
4460,미래도시연구회
4461,스탠포드대
4462,스탠포드
4463,전망대
4464,경제특구청(BCDA
4465,마닐라전력
4466,세부에어
4467,카바나투안시
4468,필리핀상공회의소
4469,한국농기계협동조합
4470,한국경제인연합회
4471,통상산업부
4472,Nuc
4473,arm
4474,에너지부
4475,퀘존파워
4476,후반기
4477,Cy
4478,경희대학교
4479,프리젠
4480,한강 드론라이트쇼
4481,국제포럼
4482,WHO
4483,WHO 글로벌 바이오
4484,산업자원부
4485,산업통상자원부장관
4486,월드헬스시티포럼
4487,PYC
4488,모빌리티존
4489,한국과학기술원
4490,교육혁신처
4491,오텍
4492,전북대
4493,전북대학교
4494,과학기술부
4495,재생에너지
4496,ICT전략연구소장
4497,더플라자호텔
4498,전략위원회
4499,한국항공우주산업
4500,글로벌 바이오
4501,정보통신부
4502,한국정보통신기술협회(TTA
4503,게르게이
4504,문화혁신부
4505,부다페스트
4506,헝가리
4507,블루밍홀딩스
4508,셀피글로벌
4509,씨디에스홀딩스
4510,원익홀딩스
4511,주주연대
4512,주주연합
4513,청구
4514,케어랩스
4515,테라사이언스
4516,특별결
4517,이모빌리티
4518,이모빌리티 혁신지구
4519,청년아카데미
4520,한국지역경영원
4521,횡성
4522,국립민속무용단
4523,대전시립교향악단
4524,대전예술의전당
4525,WeGO 총회
4526,국제협의체
4527,대륙아주
4528,로스쿨
4529,마케트대
4530,사무국
4531,시티넷
4532,재판연구원
4533,지방법원
4534,서울스마트
4535,서울스마트도
4536,IFEZ 스마트시티 리빙랩 시민참여단
4537,리빙랩 앰버서더
4538,IASP
4539,경과원
4540,제진수 경과원
4541,MGF
4542,Misk
4543,Misk 글로벌
4544,미스크 글로벌
4545,헌재
4546,동아일보
4547,신행정수도건설특별법
4548,제공인천경제청
4549,글로벌전략오피스(GSO)
4550,미스크 재단
4551,상무
4552,글로벌전략오피스
4553,조세ㆍ국제통상 팀장
4554,BNK부산은행
4555,CP
4556,KBS
4557,고신대
4558,글로벌탑넷
4559,대양고
4560,채널A
4561,SBA
4562,백석도서관
4563,성사혁신지구
4564,카인드
4565,스페이스 위콤보
4566,위덕대학교
4567,인사채용부
4568,근로복지공단
4569,서
4570,효자중
4571,대구수성알파시티
4572,GM사
4573,NACTO
4574,건설환경종합연구소
4575,보행환경연구센터
4576,Mou
4577,제공안양시
4578,(재)대구디지털혁신진흥원
4579,(재)대구테크노파크
4580,(재)신용보증기금
4581,GAIA-X
4582,㈜더샌드박스
4583,극동대
4584,니랏 퐁싯티타원
4585,충북문화재단
4586,치앙마이
4587,치앙마이주
4588,퐁싯티타원
4589,(주)KT
4590,(주)SK
4591,(주)스코넥엔터테인먼트
4592,국제전기통신연합(ITU
4593,ET
4594,산업부총리
4595,알카닥 신도시
4596,한-중앙아 정상회의
4597,지역개발부
4598,체코 프라하
4599,한-체코 스마트시티
4600,플젠
4601,KBU
4602,교육국제
4603,디지털트윈연구원
4604,일반재정지원대학
4605,국군방첩사령부
4606,국가사이버안보센터장
4607,HLB일렉
4608,PT.
4609,텔콤
4610,텔콤셀
4611,공정위
4612,알에프세미
4613,"""자사"
4614,자회사?HLB일렉
4615,스웨덴
4616,공공산후조리원
4617,국토정책관
4618,그림 권단아
4619,대구지방환경청
4620,매일신문
4621,매일신문사장장
4622,매호초
4623,성동초
4624,영신초
4625,원호초
4626,장산초
4627,포항제철초
4628,푸른하늘상
4629,대구시교육청
4630,대구지방환경청장
4631,한국환경연구원
4632,혁신기술존
4633,쇼룸
4634,무바달라
4635,제2세종문화회관
4636,Kit
4637,게이트웨이
4638,국민은행
4639,농협
4640,두산그룹
4641,롯데월드호텔
4642,안전산업
4643,에코프로비엠
4644,오창공장
4645,코카콜라
4646,한국개발연구원(KDI)
4647,NEWTATCO
4648,NWETATCO
4649,부천도시공사
4650,Fia
4651,철도협력회의
4652,항공회
4653,韓-체코
4654,쿱카
4655,철도시설공사
4656,한국철도기술연구원
4657,Consumer Electronics Show) IFEZ 홍보관
4658,한국특허전략개발원
4659,충남혁신센터
4660,오토아이디랩
4661,양평군
4662,양평톡톡
4663,건설기자재협회
4664,창원산업진흥원장
4665,철강건설공사
4666,토목인프라공사
4667,MRO
4668,드론산업
4669,제작사
4670,국제자동차경주장
4671,서남권
4672,자카르타
4673,JAYA
4674,항공대학
4675,김해공항
4676,캐시카우
4677,㈜와이젠글로벌
4678,콘텐츠코리아
4679,개인택시지부
4680,결제도 OK
4681,구미종합사회복지관
4682,동구미농협
4683,하나님의교회
4684,레저테마파크
4685,씨이랩
4686,SR
4687,메디컬클러스터
4688,IM뱅크
4689,서포터즈
4690,Gartner
4691,그랜드 하얏트
4692,시나르
4693,위자야
4694,한동협
4695,맥킨지앤드컴퍼니
4696,미디어아트센터
4697,트윈연구원
4698,미래공간융합디자인센터
4699,시나르마
4700,스페이스린텍
4701,인베스트먼트
4702,페리지에어로스페이스
4703,마켓인사이트
4704,사령부
4705,지역연합
4706,해군1함대
4707,일산킨텍스
4708,위자
4709,아프리카
4710,아타드
4711,㈜큐리어드
4712,강진군
4713,전략수립위원회
4714,한국수자원공사(K-WATER
4715,K-스타트업 센터
4716,전북창조경제혁신센터
4717,강서구청
4718,한국언론인협회
4719,코코엠텍
4720,파나마
4721,S&P
4722,아프리카개발은행
4723,고위급 다자회의
4724,라자스탄주
4725,아스콘
4726,에스지이(SG)
4727,전략기획본부
4728,공공건설주택부
4729,뭄바이
4730,타타그룹
4731,도시협회 스마트시티 융합
4732,인천글로벌캠퍼스
4733,은두훈기레헤
4734,르완다
4735,토지청
4736,지온디티
4737,지온에어엑스
4738,항공교통
4739,더존비즈온
4740,정보통신산업진흥원(
4741,강서구청장
4742,에스앤티시스템
4743,한국토지주택공사(LH
4744,그린 스마트시티
4745,이 엑스포
4746,파워코리아
4747,도심항공교통법
4748,WSCE 어워즈
4749,#NAME?
4750,㈜인사이터
4751,종합민원
4752,파워
4753,GURS
4754,교통정보통신부
4755,2024 WSCE
4756,딜리버리
4757,김앤장
4758,한국영상대학교
4759,라스알카이마
4760,라이살카이마
4761,ATR
4762,농지공간기획부 토지청
4763,2024국회
4764,공무원노동조합
4765,국방위원회
4766,국회아프리카포럼
4767,문화체육관광위원회
4768,미래비전
4769,본회의 산회 직후
4770,예산결산심사소위원회
4771,의회외교활동자문위원회
4772,장군 승전길 토론회
4773,ANRA
4774,스카이포트
4775,조비
4776,퍼스트코
4777,모빌리
4778,경기도건설본부
4779,경찰대
4780,기흥구청
4781,민생경제과
4782,수지구청
4783,성남시성남시
4784,모빌리전
4785,국제개발협력
4786,경력사
4787,경력사원
4788,컨설턴트
4789,복현중
4790,유아교육진흥원
4791,대표자회
4792,퀘백주
4793,엑스포 어워즈
4794,한국수자원공사(K-
4795,펫나우
4796,도르트문트시
4797,대검
4798,브이투엑스
4799,국가재정법
4800,대구시당
4801,용산공원
4802,IAA
4803,로이터통신
4804,MBC
4805,LH-현대차그룹
4806,DICE
4807,공간정보품질관리원
4808,에픽게임즈
4809,알카닥도시건설위원장
4810,퀘벡주
4811,목포시청
4812,고양산업진흥원
4813,2024’(WSCE
4814,경남
4815,공동연구센터
4816,마크베이스
4817,한화기계
4818,Kia
4819,Smart
4820,교통연구센터
4821,도시공간연구소
4822,도시공간연구소 국제심포지엄
4823,선전
4824,유니버시티칼리지런던
4825,청화대
4826,세계혁신도시포럼
4827,공항공사
4828,MG새마을금고
4829,수협중앙회
4830,의왕역
4831,현대산업개발
4832,㈜펫나우
4833,경기시청자미디어센터
4834,경복대힉교
4835,공공의료원
4836,영상미디어콘텐츠학과
4837,육아종합지원센터
4838,케나즈
4839,한국전자통신연구원(ETRI)
4840,대보디엑스
4841,에스알
4842,상림이엔지
4843,에이치엘비일렉
4844,미디어아트
4845,나인와트
4846,니유니
4847,반달컴퍼니
4848,비엔씨테크
4849,시티아이랩
4850,이엠
4851,인천교통공사
4852,인천환경공단
4853,펜타게이트
4854,모빅랩
4855,팜프로
4856,애니
4857,K-혁신사절단
4858,퀀텀
4859,㈜솔트룩스
4860,경제기획원
4861,국무총리실
4862,산업협력
4863,서울교통공사
4864,서울 CDO
4865,스마트시티 리빙랩 시민참여단
4866,키테넌트
4867,㈜BS산업
4868,HITACO
4869,KFI
4870,Viettel그룹
4871,로제타텍
4872,메들라텍
4873,야호랩
4874,틱톡
4875,휴먼스케이프
4876,K혁신사절단
4877,MDA그룹
4878,MDA
4879,CMC
4880,김포한강2콤팩트시티
4881,신교
4882,IC
4883,김포시장
4884,(주)아이디씨티
4885,FCC
4886,IPC
4887,IPC세션
4888,UKC
4889,연방통신위원회
4890,한미과학기술대회
4891,한국전산원
4892,개도국
4893,인공지능대학원협의회
4894,한국정보과학회
4895,한국전기연구원
4896,밀너연구소
4897,케임브리지대
4898,KAIST-GS건설
4899,Nexus
4900,Too
4901,건축학부
4902,광주전자공업고등학교
4903,UN)
4904,(사)한국언론인협회
4905,eg
4906,민속체험박물관
4907,증평군의회
4908,미추홀구
4909,통일한반도건설산업전략연구소
4910,동해시만
4911,한국외국어대학교
4912,경안천
4913,고기교
4914,동막천
4915,재난관리평가서
4916,코엑스
4917,나이스지니데이타
4918,티브릿지코퍼레이션
4919,화순군
4920,화순군청
4921,일본무역진흥기구
4922,나이스지니데이터
4923,광주창조경제혁신센터
4924,알체라
4925,건설교육원
4926,도시개발협력
4927,시지부
4928,우경정보기술
4929,한국생산성본부
4930,기업부설연구소
4931,유성구
4932,제2작전사령부
4933,국립암센터
4934,아르코호텔
4935,용인세브란스병원
4936,한화리조트
4937,현대엘리베터
4938,서유럽
4939,한국투자
4940,창원
4941,창원국가산단
4942,큐브스
4943,큐브스LED
4944,현대엘
4945,국립대만과학기술대학
4946,아수스
4947,아이스테이징
4948,엔비디아-아수스-국립대만과학기술대학
4949,이하 디지털트윈
4950,추선우
4951,칭화대학
4952,로커스체인
4953,한국지방자치경영대상
4954,세종특별자치시교육청
4955,합강1유치원
4956,합강1초등학교
4957,울산광역시
4958,고양성공시대
4959,국립보건원
4960,대곡역
4961,백만
4962,테라퓨틱스
4963,현대차-인천국제공항공사
4964,대한항공·KT·현대건설
4965,#NAME?
4966,SRS
4967,인천공항공사
4968,WISET
4969,한국여성과학기술인육성재단
4970,디토
4971,스마트안전센터
4972,조달청장
4973,베이징시
4974,KIS자산평가
4975,한국토지공사(
4976,도시개발 혁신
4977,엠큐닉
4978,㈜음성교통
4979,모두타유
4980,UKRI
4981,기자협회 공동취재단
4982,연구혁신청
4983,이노베이트UK
4984,운수사
4985,운수
4986,SGA
4987,SGA그룹
4988,SGA솔루션즈
4989,SGA이피에스
4990,보이스아이
4991,에스지앤
4992,김포한강2지구
4993,제공부산도시공사
4994,주택개발공사
4995,한국IBM
4996,한-사우디
4997,메타넷
4998,메타넷티플랫폼
4999,씨앤에스
5000,제로트러스트
5001,HDC
5002,플라넷
5003,대진대
5004,대진대학교
5005,ICT 협회
5006,다낭
5007,다낭시
5008,라운지
5009,비즈니스
5010,샤라프
5011,DSEC
5012,대통령실 성과관리국
5013,리우시
5014,미주개발은행(
5015,텔레포니카
5016,통신감독청
5017,파라나주
5018,펨사
5019,(주)올링크
5020,(주)택한
5021,올링크
5022,이정호
5023,호반산업
5024,호반파크
5025,Innovation Forum
5026,Telefonica
5027,극동건설
5028,빔썬공단
5029,타잉화성
5030,미래도시기획국장
5031,용인도시공사
5032,첨단하이테크
5033,O&M
5034,표준연구본부
5035,세계전기통신표준총회
5036,말레
5037,미래전략실
5038,푸네
5039,푸네광역도시개발청
5040,방재연구센터
5041,CAPA
5042,GL리서치
5043,강화고
5044,강화여고
5045,동산고
5046,아산
5047,아산시
5048,경관위원회
5049,통합심의위원회
5050,삼성PIS글로벌인프라펀드
5051,한국투자신탁운용
5052,베스핀글로벌
5053,경제관계장관회의
5054,해외인프라도시개발공사
5055,중앙토지수용위원회
5056,공항(
5057,도로(한국도로공사
5058,의왕시청
5059,KIND(
5060,대주주
5061,민관합동지원단
5062,삼표
5063,삼표그룹
5064,희림종합건축사사무소
5065,엠피시스템
5066,공유재산심의
5067,공유재산심의회
5068,심의위원회
5069,네이버(대표이사
5070,알스와하
5071,엑스플로
5072,엑스플로인베스트먼트
5073,메이키메이키
5074,분당야탑청소년수련관
5075,웹젠
5076,대외ㆍESG
5077,교롱초
5078,남성
5079,신흥초
5080,원광여고
5081,전북기계공고
5082,태봉초
5083,풍문초
5084,플레이코
5085,남원시장
5086,농업기술센터
5087,딜리시
5088,에이펙
5089,공동체주택부
5090,건설교통위원회
5091,모빌리티연구실
5092,스마트시티공학부
5093,일산호수공원
5094,스토니브룩대
5095,진로교사
5096,용인도시공사용인도시공사
5097,LA시티대학
5098,남북고속철도
5099,스타트업파크 오픈스튜디
5100,신호등주
5101,스타트업파크 오픈스튜디오
5102,희림
5103,교통운송부
5104,스마트시티 리빙랩
5105,도시정보통합
5106,도시정보통합센터
5107,스마트그린산단
5108,한국능률협회
5109,철도건설
5110,협력위원회
5111,성균관
5112,종로구
5113,현대건설·
5114,부서장
5115,라닉스
5116,팝콘사
5117,한국자율주행산업협회
5118,트리즈엔지니어링
5119,SCEWC 2024 콩그레스
5120,효성
5121,국토정책위원회
5122,천안역세권
5123,도시정
5124,서울 스마트시티 포럼
5125,정보통신산업
5126,도시개발 혁신포럼
5127,박닌성
5128,전자신문사
5129,한-베 도시개발 혁신포럼
5130,LA코리아센터
5131,LA한국교육원
5132,LA한국문화원
5133,거점 세종학당
5134,세인트폴
5135,캘리포니아대학교 한국학연구소
5136,콘코디아 한국어마을
5137,한국관광공사 LA지사
5138,한국문화콘텐츠진흥원 미국비즈니스센터
5139,한국어마을
5140,한글문화 글로벌 포럼 초청
5141,희림건축
5142,키이우
5143,덕양구청장
5144,미래산업과장
5145,안전건설과장
5146,㈔한국공공자치연구원
5147,한국지방자치경영대상은
5148,WCCM
5149,WCCM 대회
5150,유치위원회
5151,한국전산역학회
5152,KSCM
5153,Mec
5154,nics
5155,한국지방자치경영대
5156,NDX Pro
5157,대전 도시철도
5158,목원대학교
5159,유성온천역
5160,효성그룹
5161,광명시청
5162,대양씨에스피
5163,KTX광명역세권
5164,광휘고
5165,노선위원회
5166,대도시권광역교통위원회
5167,도심공항터미널
5168,오리서
5169,오리서원
5170,사당
5171,57억여원
5172,KTX
5173,한국철강협회
5174,과학기술정보통신부·정보통신기획평가원
5175,아너스
5176,교촌동
5177,중앙고
5178,AAA
5179,삼우
5180,11.3m
5181,3.3m
5182,세종특별본부
5183,Amazon
5184,성안당
5185,스타트업 후시파트너스
5186,후시파트너스
5187,도안리버파크
5188,순천향대
5189,만도
5190,KTX광명역
5191,광명역
5192,민주연구원
5193,홍찬표 도시공간기술사사무소
5194,유엔회원국
5195,GMH
5196,알마티
5197,히든기업경영전략연구소
5198,4호선
5199,HL디앤아이한라
5200,뉴코아아울렛
5201,동강병원
5202,동강의료재단
5203,시립미술관
5204,양사초등학교
5205,울산공장
5206,울산병원
5207,울산시립미술관
5208,한국산업안전보건공단
5209,한국산업인력공단
5210,한국석유공사
5211,중진공
5212,최고경영진
5213,위드라이브
5214,인천도시공사(iH)
5215,대반동 백사장
5216,목포고
5217,목포수산식품지원센터
5218,신항
5219,해양경찰
5220,이노스페이스
5221,국가기록박물관
5222,국립어린이박물관
5223,옥상정원
5224,서울 호텔
5225,아카데
5226,삼학아트교
5227,해양관광리조트
5228,롯데GRS
5229,롯데리아
5230,기술혁신지구
5231,목포대학교
5232,서산온금지구
5233,세계평화공원
5234,금빛
5235,기독교 근대역사관 건립
5236,남도문예전시관
5237,목포역
5238,충남도청
5239,목포스카이워크
5240,초중고교생
5241,강남구청
5242,플랜에이치
5243,unp
5244,리오몬트
5245,스마트건
5246,플랜에이
5247,계룡대
5248,국립 박물관
5249,도시건축박물관
5250,디자인박물관
5251,미래박물관
5252,유지필성
5253,한글사랑거리
5254,영운국민체육센터
5255,청주시의회
5256,가스프롬
5257,나프토가스
5258,ISSB
5259,SBTi
5260,SK증권
5261,TCFD
5262,TNFD
5263,UNEP
5264,유엔환경계획 금융 이니셔티브
5265,SK證
5266,테라파워
5267,KEA
5268,한국전자정보통신산업진흥회
5269,국립자연사박물관
5270,명촌지구
5271,국토부 그린벨트
5272,풀턴 카운티 롭 피츠
5273,KB국민 스카이패스
5274,KB국민카드
5275,스마트싱스
5276,HL디앤아이한라㈜
5277,에스오일
5278,오페라 하우스 2000
5279,울산고
5280,뉴디자인국
5281,대덕연구단지
5282,이리온
5283,폴라리스쓰리디
5284,(주)심시스글로벌
5285,㈜심시스글로벌
5286,예측
5287,소리울도서관
5288,오산
5289,상명대
5290,주한퀘백정부대표부
5291,롭 피츠 풀턴 카운티
5292,KDT
5293,계룡건설산업(주)
5294,세미콘 아카데미
5295,프리콘
5296,Microsoft
5297,국제무역통상연구원
5298,무협
5299,SCI평가정보
5300,㈜뉴저스트
5301,뉴저스트
5302,세명대학교
5303,오산시오산시
5304,대아세안
5305,LH인천지역본부
5306,미래도시건축연구원장
5307,백령도
5308,인하공전
5309,강원특별자치도지사
5310,재래식
5311,개최도시선정위원회
5312,송도컨벤시아
5313,107
5314,947천toe
5315,3m
5316,홍유진
5317,디지털기술부
5318,Eg
5319,라이온
5320,리비프주
5321,뉴빌딩협회
5322,더코디
5323,라이온(Raion
5324,데이터사이언스대학원
5325,바이브
5326,한라
5327,UN공공행정포럼
5328,국립세계문자박물관
5329,기술혁신지원센터
5330,주한공관장
5331,가치
5332,유엔 총회
5333,UN공공행정포럼 환영오찬
5334,기후에너지과
5335,노인복지관
5336,문화자원센터
5337,조준오
5338,출장단
5339,유엔 회원국
5340,센코
5341,더민주
5342,스마트그린산업단지
5343,에코체
5344,영국과학혁신처
5345,농림축산식품부 농식품혁신정책관
5346,만나씨이에이
5347,스마트팜협회
5348,강원지사
5349,한국지질자원연구원
5350,사이버안전센터
5351,연
5352,함양
5353,상파울루
5354,상파울루주
5355,오페라하우스
5356,울산 우정
5357,SGV
5358,솔라시도 홍보관
5359,퍼블릭
5360,리조트
5361,서남해안기업도시개발㈜
5362,세컨하우스
5363,솔라시도 레저
5364,쏠리드
5365,CITS
5366,통신사
5367,서울총회
5368,세계집행위원회
5369,퍼블릭 골프장
5370,내각사무처
5371,지콤
5372,통합정보센터
5373,스마트시티지원
5374,혁신
5375,노태광
5376,대한산업보건협회
5377,보건복지부장관
5378,성결대학교
5379,충북지사
5380,한국폴리텍대학
5381,한마음혈액원
5382,한마음혈액원장
5383,혈액사업본부
5384,HBFQ
5385,걸프협력이사회(GCC
5386,관세동맹
5387,헬랄 알
5388,아이엘사이언스
5389,퍼스트옵틱스
5390,ADB(아시아개발은행
5391,FAB
5392,GCF
5393,국제전시회
5394,오토모티브향
5395,ADB(
5396,남가주대학
5397,카이로
5398,두산로보틱스
5399,한-유럽
5400,농업기술원
5401,전남지역
5402,종자관리소
5403,경기도시장군수협의회
5404,아카렌가
5405,행주산성
5406,디에이피
5407,Globe Telecom
5408,National Telecom
5409,전력청
5410,태국 디지털경제진흥원
5411,한-태국 스마트시티
5412,디에이피 엠엘디엘
5413,국가최고지도자 겸 인민이사회
5414,한국플랜트산업협회
5415,AI 다자 연구센터
5416,FKI
5417,ITIF
5418,과학기술정책연구원
5419,정보혁신재단
5420,한미협력
5421,안보동맹
5422,불광천미디어센터
5423,수메당군
5424,은평구
5425,진관사
5426,태극기
5427,엣젤 부대표
5428,아시가바트
5429,전라남도지사
5430,한우농가
5431,경제부처
5432,무역보험공사
5433,아시카바트
5434,투자보장협정
5435,국영가스공사
5436,국영화학공사
5437,동서양
5438,한국조선해양기자재공업협동조합
5439,투르크메니스탄상
5440,메르겐 구르도프
5441,현대ENG
5442,K-ECA
5443,윤석열#대통령
5444,반둥한인회
5445,반둥한인회장
5446,수색초등학교
5447,BFMC
5448,금융결제원
5449,파주시청
5450,하나금융그룹
5451,인민이사회
5452,스타
5453,BFMC 2024
5454,ME팀
5455,폭스바겐그룹코리아 미래자동차 SW
5456,고양경제자유구역
5457,뉴트럴
5458,대전센터
5459,지능형자동차부품진흥원
5460,개발팀
5461,영업기획팀
5462,토지사업팀
5463,한국데이터산업진흥원(K-DATA)
5464,자금지원
5465,10
5466,HRS
5467,HRSG
5468,비에이치아아이
5469,비에이치아이
5470,독립국가연합
5471,GIS
5472,수성알파
5473,ADB)연차총회
5474,과학기술정보통신
5475,OECD)세계포럼
5476,2024 미래기술교육
5477,미래기술교육
5478,용역사
5479,보츠와나
5480,서울파트너스하우스
5481,크와페
5482,2024
5483,세종특별시
5484,통일시대
5485,한국이민정책학회장
5486,레모강 크와페 외교
5487,사
5488,한-아프리카 정상회의
5489,나만
5490,국민통합위원회
5491,출입국정
5492,통일시
5493,AU
5494,아프리카연합
5495,그린
5496,국제금융공사(
5497,도로부
5498,케냐 도로교통부
5499,교육회
5500,미래산업글로벌
5501,심의회
5502,모잠비크
5503,짐바브웨
5504,콩고민주공화국
5505,한-아프리카
5506,스마텍
5507,신성이엔지
5508,신재생에너지
5509,은야
5510,케냐 고위공무원
5511,케냐 에너지석유부
5512,코오롱글로벌
5513,테크노폴리스
5514,인프라
5515,글로벌플랜트건설스마트시티
5516,EDCF
5517,흥국증권
5518,아프리카연합(
5519,한·아프리카 정상회의
5520,Jos
5521,뉴지
5522,한국지역개발학회
5523,토고
5524,IB총괄
5525,국립아시아문화전당
5526,어반플레이
5527,SECURITY
5528,이디어 경진대회
5529,레소토
5530,대원
5531,기니비사우
5532,상투메프린시페
5533,하산
5534,사미아 술루후 하산
5535,/SK증권
5536,리서치본부
5537,AFP
5538,AFP통신
5539,KIPP
5540,NCA
5541,미국항공우주국
5542,보르네오섬
5543,비즈니스인사이더
5544,수도청
5545,아리 세티아디 통신정보부
5546,아세안지역전문가
5547,중국철도건설공사
5548,AFP 통신
5549,평화산업
5550,경제개발협력기금
5551,행복청-KIND-해외건설협회
5552,아프리카연합(AU)
5553,무신사
5554,하이브
5555,두나무
5556,유네스코(
5557,EG
5558,JAMSHI
5559,NY
5560,우 뉴빌딩협회
5561,호로독시
5562,수영구
5563,수영구청장
5564,미래산업글로벌도시개발
5565,플라츠
5566,아크부대
5567,강원도의회
5568,3GPP
5569,SA1
5570,국제 국제표준화 단체
5571,신사
5572,포츠다머플라츠
5573,CJ그룹
5574,GS그룹
5575,메디톡스
5576,통상교섭본부장
5577,LIG그룹
5578,㈜나인와트
5579,㈜제이치글로벌
5580,㈜카이미
5581,ADNOC
5582,국영
5583,다음
5584,WATTI
5585,㈜에이버츄얼
5586,VIVA
5587,울산중구가족센터
5588,청년문화연구회
5589,GS이니마
5590,가상화폐거래소
5591,테콤그룹
5592,AI 컨택센터
5593,SDAIA
5594,알감디
5595,혁신정책
5596,ESE사
5597,아라소프트사
5598,웨이센
5599,티멕스티베로
5600,유네스코(UNESCO
5601,부여군
5602,여주시
5603,유스케이스
5604,삼성엔지니어링
5605,경제조정부
5606,무역부
5607,에이치시티
5608,한컴라이프케어
5609,IKN
5610,도안면
5611,행복드림버스
5612,국가데이터관리단
5613,국가정보
5614,앵커호텔
5615,한국건설기술연구원~
5616,국가정보센터
5617,알하지미
5618,UTmobI
5619,동경대학교
5620,한자연
5621,AX 컴퍼니
5622,북카페
5623,사상드림스마트시티
5624,익시
5625,기업고
5626,LG생활건강
5627,유안타증권
5628,엠제이비전테크
5629,가덕도
5630,삼성경제연구소
5631,우리공사
5632,일자리위원회
5633,부산연구원
5634,에이치시티-한컴라이프케어
5635,의성군
5636,에이치시티(대표이사
5637,㈜한컴라이프케어
5638,방위ㆍ
5639,바이오정밀
5640,기술혁신센터
5641,백석고
5642,수산정수장
5643,연수소
5644,인천의료원
5645,펜타포트
5646,임산부
5647,KLPMS
5648,KOICA(
5649,건설도시개발부
5650,몽골과학기술대
5651,울란바타르시
5652,한몽도시협력센터
5653,ICA
5654,S-Quad Project
5655,국제협력처
5656,몽골과학기술대학교
